cellIndex,seed,ok,error,gridSize,meanPieceLength,pieceLengthVariance,minPieceLength,bendProbability,minStraightRun,fillFraction,attempts,generationMs,segmentCount,coverage,meanSegmentLength,bendRate,dagDepth,meanFreeSetSize,minFreeSetSize,edgeCount,shortOfTarget,belowMinimum,wholeRunEscapes,shortStraightRuns
0,1,true,,40,3,2,2,0.35,2,0.45,1,47.576813000000016,216,1,3.425925925925926,0.3617886178861789,25,14.38425925925926,1,856,5,0,0,0
0,2,true,,40,3,2,2,0.35,2,0.45,1,34.79561799999999,223,1,3.3004484304932737,0.391008174386921,18,17.22421524663677,2,872,4,0,0,0
0,3,true,,40,3,2,2,0.35,2,0.45,1,24.155732,213,1,3.492957746478873,0.37331536388140163,29,9.854460093896714,2,972,12,0,0,0
0,4,true,,40,3,2,2,0.35,2,0.45,1,25.716822999999977,219,1,3.3424657534246576,0.3917808219178082,23,14.552511415525114,1,923,8,0,0,0
0,5,true,,40,3,2,2,0.35,2,0.45,1,22.724738000000002,207,1,3.420289855072464,0.3640226628895184,21,19.381642512077295,1,739,5,0,0,0
0,6,true,,40,3,2,2,0.35,2,0.45,1,24.445701999999983,226,1,3.2389380530973453,0.34383561643835614,26,12.982300884955752,1,970,9,0,0,0
0,7,true,,40,3,2,2,0.35,2,0.45,1,23.836338000000012,210,1,3.447619047619048,0.3601108033240997,23,18.080952380952382,1,829,7,0,0,0
0,8,true,,40,3,2,2,0.35,2,0.45,1,25.715850999999986,216,1,3.3703703703703702,0.3953168044077135,21,16.25462962962963,1,831,10,0,0,0
0,9,true,,40,3,2,2,0.35,2,0.45,1,22.68633399999993,224,1,3.2857142857142856,0.3923705722070845,25,14.133928571428571,1,1029,7,0,0,0
0,10,true,,40,3,2,2,0.35,2,0.45,1,23.888040000000046,226,1,3.2035398230088497,0.37950138504155123,17,22.23008849557522,1,831,9,0,0,0
0,11,true,,40,3,2,2,0.35,2,0.45,1,23.394829999999956,215,1,3.2744186046511627,0.3575498575498576,16,17.511627906976745,2,776,3,0,0,0
0,12,true,,40,3,2,2,0.35,2,0.45,1,20.77803899999992,212,1,3.3962264150943398,0.3607242339832869,26,15.481132075471699,1,937,9,0,0,0
1,1,true,,40,3,4,2,0.35,2,0.45,1,17.99213999999995,176,1,4.204545454545454,0.3617886178861789,23,10.914772727272727,2,779,4,0,0,0
1,2,true,,40,3,4,2,0.35,2,0.45,1,18.297806000000037,179,1,4.111731843575419,0.391008174386921,21,12.703910614525139,1,716,4,0,0,0
1,3,true,,40,3,4,2,0.35,2,0.45,1,17.967201000000045,179,1,4.156424581005586,0.37331536388140163,21,12.8268156424581,1,657,11,0,0,0
1,4,true,,40,3,4,2,0.35,2,0.45,1,18.257601000000022,177,1,4.135593220338983,0.3917808219178082,20,12.576271186440678,2,718,6,0,0,0
1,5,true,,40,3,4,2,0.35,2,0.45,1,19.91054500000007,176,1,4.0227272727272725,0.3640226628895184,22,15.772727272727273,1,645,3,0,0,0
1,6,true,,40,3,4,2,0.35,2,0.45,1,18.46489500000007,187,1,3.914438502673797,0.34383561643835614,32,8.631016042780749,1,791,6,0,0,0
1,7,true,,40,3,4,2,0.35,2,0.45,1,17.407392999999956,161,1,4.496894409937888,0.3601108033240997,18,14.322981366459627,2,569,5,0,0,0
1,8,true,,40,3,4,2,0.35,2,0.45,1,18.10005000000001,170,1,4.2823529411764705,0.3953168044077135,20,15.276470588235295,1,543,3,0,0,0
1,9,true,,40,3,4,2,0.35,2,0.45,1,16.933473999999933,166,1,4.433734939759036,0.3923705722070845,21,13.120481927710843,1,580,5,0,0,0
1,10,true,,40,3,4,2,0.35,2,0.45,1,20.454395999999974,183,1,3.9562841530054644,0.37950138504155123,26,12.3224043715847,1,800,4,0,0,0
1,11,true,,40,3,4,2,0.35,2,0.45,1,19.25327900000002,185,1,3.8054054054054056,0.3575498575498576,22,14.383783783783784,1,681,5,0,0,0
1,12,true,,40,3,4,2,0.35,2,0.45,1,17.384726999999998,157,1,4.585987261146497,0.3607242339832869,15,12.878980891719745,3,583,5,0,0,0
2,1,true,,40,3,8,2,0.35,2,0.45,1,13.588529999999992,137,1,5.401459854014599,0.3617886178861789,17,11.379562043795621,2,494,7,0,0,0
2,2,true,,40,3,8,2,0.35,2,0.45,1,16.492291000000023,151,1,4.874172185430464,0.391008174386921,17,11.562913907284768,2,545,7,0,0,0
2,3,true,,40,3,8,2,0.35,2,0.45,1,12.935593999999924,132,1,5.636363636363637,0.37331536388140163,17,10.31060606060606,3,438,4,0,0,0
2,4,true,,40,3,8,2,0.35,2,0.45,1,13.110535999999911,119,1,6.151260504201681,0.3917808219178082,17,11.563025210084033,1,423,4,0,0,0
2,5,true,,40,3,8,2,0.35,2,0.45,1,12.399449000000004,123,1,5.7560975609756095,0.3640226628895184,19,11.967479674796747,1,417,4,0,0,0
2,6,true,,40,3,8,2,0.35,2,0.45,1,13.910197999999923,123,1,5.951219512195122,0.34383561643835614,16,9.154471544715447,2,450,4,0,0,0
2,7,true,,40,3,8,2,0.35,2,0.45,1,11.63992399999995,111,1,6.5225225225225225,0.3601108033240997,14,9.594594594594595,1,398,3,0,0,0
2,8,true,,40,3,8,2,0.35,2,0.45,1,15.401786000000016,144,1,5.055555555555555,0.3953168044077135,16,16.083333333333332,1,476,4,0,0,0
2,9,true,,40,3,8,2,0.35,2,0.45,1,13.944340999999895,149,1,4.939597315436242,0.3923705722070845,15,12.751677852348994,2,494,1,0,0,0
2,10,true,,40,3,8,2,0.35,2,0.45,1,12.969716999999946,115,1,6.2956521739130435,0.37950138504155123,18,10.530434782608696,1,312,2,0,0,0
2,11,true,,40,3,8,2,0.35,2,0.45,1,12.17796599999997,109,1,6.458715596330276,0.3575498575498576,15,10.825688073394495,1,307,4,0,0,0
2,12,true,,40,3,8,2,0.35,2,0.45,1,11.76885100000004,116,1,6.206896551724138,0.3607242339832869,16,10.258620689655173,1,380,4,0,0,0
3,1,true,,40,3,12,2,0.35,2,0.45,1,11.326594,112,1,6.607142857142857,0.3617886178861789,13,10.107142857142858,4,372,5,0,0,0
3,2,true,,40,3,12,2,0.35,2,0.45,1,11.156178999999952,106,1,6.943396226415095,0.391008174386921,19,9.783018867924529,1,343,4,0,0,0
3,3,true,,40,3,12,2,0.35,2,0.45,1,12.916660999999976,119,1,6.2521008403361344,0.37331536388140163,15,12.134453781512605,2,345,3,0,0,0
3,4,true,,40,3,12,2,0.35,2,0.45,1,10.944711999999981,108,1,6.777777777777778,0.3917808219178082,13,12.398148148148149,1,329,3,0,0,0
3,5,true,,40,3,12,2,0.35,2,0.45,1,10.56305400000008,96,1,7.375,0.3640226628895184,16,12.46875,1,275,4,0,0,0
3,6,true,,40,3,12,2,0.35,2,0.45,1,10.460638000000017,98,1,7.469387755102041,0.34383561643835614,16,8.061224489795919,1,321,3,0,0,0
3,7,true,,40,3,12,2,0.35,2,0.45,1,11.30735199999981,106,1,6.830188679245283,0.3601108033240997,16,9.70754716981132,1,361,5,0,0,0
3,8,true,,40,3,12,2,0.35,2,0.45,1,10.408776999999873,93,1,7.827956989247312,0.3953168044077135,19,8.419354838709678,1,269,3,0,0,0
3,9,true,,40,3,12,2,0.35,2,0.45,1,12.031019000000015,119,1,6.184873949579832,0.3923705722070845,15,9.210084033613445,2,387,3,0,0,0
3,10,true,,40,3,12,2,0.35,2,0.45,1,12.5466550000001,112,1,6.464285714285714,0.37950138504155123,15,10.830357142857142,1,339,5,0,0,0
3,11,true,,40,3,12,2,0.35,2,0.45,1,9.438854999999876,83,1,8.481927710843374,0.3575498575498576,11,10.096385542168674,1,212,3,0,0,0
3,12,true,,40,3,12,2,0.35,2,0.45,1,9.270273999999972,94,1,7.659574468085107,0.3607242339832869,19,8.24468085106383,1,322,4,0,0,0
4,1,true,,40,3,16,2,0.35,2,0.45,1,10.247511000000031,96,1,7.708333333333333,0.3617886178861789,17,9.197916666666666,1,313,2,0,0,0
4,2,true,,40,3,16,2,0.35,2,0.45,1,10.722356000000218,102,1,7.215686274509804,0.391008174386921,11,11.872549019607844,3,351,5,0,0,0
4,3,true,,40,3,16,2,0.35,2,0.45,1,7.580433999999968,66,1,11.272727272727273,0.37331536388140163,8,9.515151515151516,1,154,6,0,0,1
4,4,true,,40,3,16,2,0.35,2,0.45,1,7.972313999999869,77,1,9.506493506493506,0.3917808219178082,11,9.03896103896104,1,210,3,0,0,0
4,5,true,,40,3,16,2,0.35,2,0.45,1,9.611544999999978,84,1,8.428571428571429,0.3640226628895184,14,8.380952380952381,1,215,4,0,0,0
4,6,true,,40,3,16,2,0.35,2,0.45,1,10.25575200000003,94,1,7.787234042553192,0.34383561643835614,14,8.170212765957446,1,270,4,0,0,0
4,7,true,,40,3,16,2,0.35,2,0.45,1,8.0566409999999,73,1,9.917808219178083,0.3601108033240997,12,6.36986301369863,4,300,3,0,0,0
4,8,true,,40,3,16,2,0.35,2,0.45,1,10.190947999999935,83,1,8.771084337349398,0.3953168044077135,13,9.614457831325302,2,248,4,0,0,0
4,9,true,,40,3,16,2,0.35,2,0.45,1,7.582572999999911,72,1,10.222222222222221,0.3923705722070845,8,10.472222222222221,1,186,4,0,0,0
4,10,true,,40,3,16,2,0.35,2,0.45,1,7.662254000000075,74,1,9.783783783783784,0.37950138504155123,13,7.351351351351352,1,210,6,0,0,0
4,11,true,,40,3,16,2,0.35,2,0.45,1,9.430249000000003,78,1,9.025641025641026,0.3575498575498576,11,9.602564102564102,1,186,8,0,0,0
4,12,true,,40,3,16,2,0.35,2,0.45,1,6.256257000000005,63,1,11.428571428571429,0.3607242339832869,14,5.222222222222222,2,204,5,0,0,0
5,1,true,,40,4,2,2,0.35,2,0.45,1,17.380224999999882,177,1,4.1807909604519775,0.3617886178861789,22,11.76271186440678,1,834,6,0,0,0
5,2,true,,40,4,2,2,0.35,2,0.45,1,17.281631999999945,168,1,4.380952380952381,0.391008174386921,17,12.976190476190476,1,629,8,0,0,0
5,3,true,,40,4,2,2,0.35,2,0.45,1,17.629097,182,1,4.087912087912088,0.37331536388140163,24,11.873626373626374,1,702,8,0,0,0
5,4,true,,40,4,2,2,0.35,2,0.45,1,18.00477499999988,178,1,4.112359550561798,0.3917808219178082,20,13.359550561797754,2,730,5,0,0,0
5,5,true,,40,4,2,2,0.35,2,0.45,1,16.54685500000005,164,1,4.317073170731708,0.3640226628895184,21,13.353658536585366,1,699,6,0,0,0
5,6,true,,40,4,2,2,0.35,2,0.45,1,19.15237000000002,174,1,4.206896551724138,0.34383561643835614,23,10.827586206896552,1,704,8,0,0,0
5,7,true,,40,4,2,2,0.35,2,0.45,1,16.893794999999955,173,1,4.184971098265896,0.3601108033240997,19,13.734104046242775,2,624,5,0,0,0
5,8,true,,40,4,2,2,0.35,2,0.45,1,19.417089000000033,177,1,4.112994350282486,0.3953168044077135,20,15.412429378531073,1,587,15,0,0,0
5,9,true,,40,4,2,2,0.35,2,0.45,1,20.879188999999997,178,1,4.134831460674158,0.3923705722070845,24,11.606741573033707,1,739,10,0,0,0
5,10,true,,40,4,2,2,0.35,2,0.45,1,17.393266999999923,171,1,4.233918128654971,0.37950138504155123,26,11.116959064327485,1,752,9,0,0,0
5,11,true,,40,4,2,2,0.35,2,0.45,1,17.45086500000002,166,1,4.240963855421687,0.3575498575498576,18,12.674698795180722,1,540,11,0,0,0
5,12,true,,40,4,2,2,0.35,2,0.45,1,16.92642099999989,176,1,4.090909090909091,0.3607242339832869,26,13.477272727272727,1,704,13,0,0,0
6,1,true,,40,4,4,2,0.35,2,0.45,1,14.520129999999881,156,1,4.743589743589744,0.3617886178861789,23,11.634615384615385,1,632,6,0,0,0
6,2,true,,40,4,4,2,0.35,2,0.45,1,16.24128900000005,154,1,4.779220779220779,0.391008174386921,16,13.071428571428571,1,532,2,0,0,0
6,3,true,,40,4,4,2,0.35,2,0.45,1,14.558604999999943,150,1,4.96,0.37331536388140163,14,12.793333333333333,2,533,6,0,0,0
6,4,true,,40,4,4,2,0.35,2,0.45,1,16.512647000000015,153,1,4.784313725490196,0.3917808219178082,16,13.372549019607844,1,524,2,0,0,0
6,5,true,,40,4,4,2,0.35,2,0.45,1,16.27203499999996,145,1,4.882758620689655,0.3640226628895184,17,13.041379310344828,2,496,8,0,0,0
6,6,true,,40,4,4,2,0.35,2,0.45,1,14.089244000000008,148,1,4.945945945945946,0.34383561643835614,25,8.608108108108109,1,614,8,0,0,0
6,7,true,,40,4,4,2,0.35,2,0.45,1,15.843450999999959,144,1,5.027777777777778,0.3601108033240997,12,17.59027777777778,2,445,5,0,0,0
6,8,true,,40,4,4,2,0.35,2,0.45,1,14.210935000000063,139,1,5.237410071942446,0.3953168044077135,15,14.388489208633093,1,445,7,0,0,0
6,9,true,,40,4,4,2,0.35,2,0.45,1,15.469732000000022,168,1,4.380952380952381,0.3923705722070845,22,11.357142857142858,1,613,9,0,0,0
6,10,true,,40,4,4,2,0.35,2,0.45,1,16.77623699999981,154,1,4.701298701298701,0.37950138504155123,18,14.409090909090908,1,535,7,0,0,0
6,11,true,,40,4,4,2,0.35,2,0.45,1,16.17488800000001,146,1,4.821917808219178,0.3575498575498576,20,10.534246575342467,1,493,5,0,0,0
6,12,true,,40,4,4,2,0.35,2,0.45,1,16.91322100000002,156,1,4.615384615384615,0.3607242339832869,13,14.243589743589743,3,563,2,0,0,0
7,1,true,,40,4,8,2,0.35,2,0.45,1,13.430391999999983,121,1,6.115702479338843,0.3617886178861789,15,10.760330578512397,3,407,7,0,0,0
7,2,true,,40,4,8,2,0.35,2,0.45,1,13.22166900000002,120,1,6.133333333333334,0.391008174386921,26,7.375,1,441,3,0,0,0
7,3,true,,40,4,8,2,0.35,2,0.45,1,13.5269330000001,132,1,5.636363636363637,0.37331536388140163,23,8.772727272727273,1,503,4,0,0,0
7,4,true,,40,4,8,2,0.35,2,0.45,1,11.693279999999959,110,1,6.654545454545454,0.3917808219178082,14,11.754545454545454,2,395,6,0,0,0
7,5,true,,40,4,8,2,0.35,2,0.45,1,11.849379999999883,112,1,6.321428571428571,0.3640226628895184,14,12.589285714285714,2,329,6,0,0,0
7,6,true,,40,4,8,2,0.35,2,0.45,1,13.814390999999887,138,1,5.304347826086956,0.34383561643835614,14,11.978260869565217,2,502,7,0,0,0
7,7,true,,40,4,8,2,0.35,2,0.45,1,10.748489000000063,112,1,6.464285714285714,0.3601108033240997,15,9.901785714285714,1,402,5,0,0,0
7,8,true,,40,4,8,2,0.35,2,0.45,1,14.102601999999933,121,1,6.016528925619835,0.3953168044077135,14,13.991735537190083,1,362,7,0,0,0
7,9,true,,40,4,8,2,0.35,2,0.45,1,12.672248999999965,109,1,6.752293577981652,0.3923705722070845,16,8.844036697247706,1,350,4,0,0,0
7,10,true,,40,4,8,2,0.35,2,0.45,1,12.089815999999928,109,1,6.6422018348623855,0.37950138504155123,15,10.20183486238532,1,356,4,0,0,0
7,11,true,,40,4,8,2,0.35,2,0.45,1,16.13686900000016,121,1,5.818181818181818,0.3575498575498576,19,9.272727272727273,1,414,2,0,0,0
7,12,true,,40,4,8,2,0.35,2,0.45,1,12.679461000000174,115,1,6.260869565217392,0.3607242339832869,10,13.643478260869566,2,332,6,0,0,0
8,1,true,,40,4,12,2,0.35,2,0.45,1,13.051703999999972,110,1,6.7272727272727275,0.3617886178861789,14,10.054545454545455,1,368,5,0,0,0
8,2,true,,40,4,12,2,0.35,2,0.45,1,12.897517000000107,113,1,6.513274336283186,0.391008174386921,16,11.079646017699115,1,339,5,0,0,0
8,3,true,,40,4,12,2,0.35,2,0.45,1,11.179771999999957,104,1,7.153846153846154,0.37331536388140163,16,9.413461538461538,1,349,9,0,0,0
8,4,true,,40,4,12,2,0.35,2,0.45,1,9.299842000000126,80,1,9.15,0.3917808219178082,8,10.3625,4,242,2,0,0,0
8,5,true,,40,4,12,2,0.35,2,0.45,1,13.358833000000004,104,1,6.8076923076923075,0.3640226628895184,14,11.865384615384615,1,296,5,0,0,0
8,6,true,,40,4,12,2,0.35,2,0.45,1,11.161409000000049,95,1,7.705263157894737,0.34383561643835614,13,9.4,2,287,3,0,0,0
8,7,true,,40,4,12,2,0.35,2,0.45,1,8.615654999999833,76,1,9.526315789473685,0.3601108033240997,14,7.434210526315789,2,227,2,0,0,0
8,8,true,,40,4,12,2,0.35,2,0.45,1,9.983926999999994,86,1,8.465116279069768,0.3953168044077135,10,9.848837209302326,2,245,7,0,0,0
8,9,true,,40,4,12,2,0.35,2,0.45,1,10.396785000000136,99,1,7.434343434343434,0.3923705722070845,16,8.393939393939394,1,297,3,0,0,0
8,10,true,,40,4,12,2,0.35,2,0.45,1,10.759747000000061,93,1,7.78494623655914,0.37950138504155123,18,7.56989247311828,1,395,6,0,0,0
8,11,true,,40,4,12,2,0.35,2,0.45,1,9.555626000000075,81,1,8.691358024691358,0.3575498575498576,13,8.469135802469136,1,246,5,0,0,0
8,12,true,,40,4,12,2,0.35,2,0.45,1,11.654572000000144,114,1,6.315789473684211,0.3607242339832869,12,12.535087719298245,1,361,3,0,0,0
9,1,true,,40,4,16,2,0.35,2,0.45,1,8.776135000000068,75,1,9.866666666666667,0.3617886178861789,15,8.866666666666667,1,213,8,0,0,0
9,2,true,,40,4,16,2,0.35,2,0.45,1,10.243564000000106,85,1,8.658823529411764,0.391008174386921,9,12.68235294117647,1,198,5,0,0,0
9,3,true,,40,4,16,2,0.35,2,0.45,1,8.586236999999983,90,1,8.266666666666667,0.37331536388140163,19,6.644444444444445,1,297,3,0,0,0
9,4,true,,40,4,16,2,0.35,2,0.45,1,7.522335000000112,73,1,10.027397260273972,0.3917808219178082,10,9.561643835616438,2,196,3,0,0,0
9,5,true,,40,4,16,2,0.35,2,0.45,1,10.131662000000006,84,1,8.428571428571429,0.3640226628895184,12,10.25,1,197,6,0,0,0
9,6,true,,40,4,16,2,0.35,2,0.45,1,9.2973199999999,81,1,9.037037037037036,0.34383561643835614,15,7.308641975308642,1,273,2,0,0,0
9,7,true,,40,4,16,2,0.35,2,0.45,1,7.00596500000006,64,1,11.3125,0.3601108033240997,12,7.453125,1,189,4,0,0,0
9,8,true,,40,4,16,2,0.35,2,0.45,1,8.224679000000151,69,1,10.55072463768116,0.3953168044077135,11,10.289855072463768,1,146,1,0,0,0
9,9,true,,40,4,16,2,0.35,2,0.45,1,9.01527400000009,92,1,8,0.3923705722070845,15,7.771739130434782,2,306,3,0,0,0
9,10,true,,40,4,16,2,0.35,2,0.45,1,6.903483000000051,69,1,10.492753623188406,0.37950138504155123,12,6.753623188405797,1,226,4,0,0,0
9,11,true,,40,4,16,2,0.35,2,0.45,1,12.633699999999862,85,1,8.282352941176471,0.3575498575498576,10,10.282352941176471,2,195,2,0,0,0
9,12,true,,40,4,16,2,0.35,2,0.45,1,8.908928999999944,85,1,8.470588235294118,0.3607242339832869,15,8.105882352941176,1,282,4,0,0,0
10,1,true,,40,6,2,2,0.35,2,0.45,1,14.215674000000035,125,1,5.92,0.3617886178861789,14,12.168,1,437,13,0,0,0
10,2,true,,40,6,2,2,0.35,2,0.45,1,13.934022999999797,119,1,6.184873949579832,0.391008174386921,16,9.336134453781513,1,475,7,0,0,0
10,3,true,,40,6,2,2,0.35,2,0.45,1,12.676398000000063,125,1,5.952,0.37331536388140163,17,9.616,1,413,10,0,0,0
10,4,true,,40,6,2,2,0.35,2,0.45,1,14.569918000000143,126,1,5.809523809523809,0.3917808219178082,15,11.365079365079366,2,468,13,0,0,1
10,5,true,,40,6,2,2,0.35,2,0.45,1,13.660907999999836,119,1,5.949579831932773,0.3640226628895184,12,14.403361344537815,3,381,4,0,0,0
10,6,true,,40,6,2,2,0.35,2,0.45,1,13.199559000000136,129,1,5.674418604651163,0.34383561643835614,20,9.30232558139535,1,509,5,0,0,0
10,7,true,,40,6,2,2,0.35,2,0.45,1,13.557341000000179,120,1,6.033333333333333,0.3601108033240997,14,9.941666666666666,4,491,9,0,0,0
10,8,true,,40,6,2,2,0.35,2,0.45,1,13.968805999999859,124,1,5.870967741935484,0.3953168044077135,17,11.056451612903226,1,461,6,0,0,0
10,9,true,,40,6,2,2,0.35,2,0.45,1,12.851744000000053,125,1,5.888,0.3923705722070845,18,9.808,1,438,7,0,0,0
10,10,true,,40,6,2,2,0.35,2,0.45,1,13.875451999999768,120,1,6.033333333333333,0.37950138504155123,10,13.533333333333333,4,418,7,0,0,0
10,11,true,,40,6,2,2,0.35,2,0.45,1,13.106175999999778,116,1,6.068965517241379,0.3575498575498576,20,8.508620689655173,1,375,7,0,0,0
10,12,true,,40,6,2,2,0.35,2,0.45,1,12.848303000000215,131,1,5.4961832061068705,0.3607242339832869,18,11.16793893129771,1,500,10,0,0,0
11,1,true,,40,6,4,2,0.35,2,0.45,1,13.293061999999736,117,1,6.3247863247863245,0.3617886178861789,18,9.820512820512821,1,386,8,0,0,0
11,2,true,,40,6,4,2,0.35,2,0.45,1,13.165324000000055,124,1,5.935483870967742,0.391008174386921,24,7.419354838709677,1,470,5,0,0,0
11,3,true,,40,6,4,2,0.35,2,0.45,1,11.306422999999995,112,1,6.642857142857143,0.37331536388140163,19,8.589285714285714,1,413,7,0,0,0
11,4,true,,40,6,4,2,0.35,2,0.45,1,12.717621000000236,119,1,6.151260504201681,0.3917808219178082,15,11.428571428571429,2,492,10,0,0,0
11,5,true,,40,6,4,2,0.35,2,0.45,1,11.707254999999805,105,1,6.742857142857143,0.3640226628895184,10,15.095238095238095,2,262,8,0,0,0
11,6,true,,40,6,4,2,0.35,2,0.45,1,11.695268999999826,124,1,5.903225806451613,0.34383561643835614,21,8.10483870967742,2,535,5,0,0,0
11,7,true,,40,6,4,2,0.35,2,0.45,1,11.169546000000082,105,1,6.895238095238096,0.3601108033240997,17,9.838095238095239,2,399,6,0,0,0
11,8,true,,40,6,4,2,0.35,2,0.45,1,12.73827300000039,112,1,6.5,0.3953168044077135,20,9.508928571428571,1,368,3,0,0,0
11,9,true,,40,6,4,2,0.35,2,0.45,1,11.303944999999658,111,1,6.63063063063063,0.3923705722070845,18,7.495495495495495,3,383,8,0,0,0
11,10,true,,40,6,4,2,0.35,2,0.45,1,13.078809000000092,111,1,6.5225225225225225,0.37950138504155123,13,12.342342342342342,1,351,6,0,0,0
11,11,true,,40,6,4,2,0.35,2,0.45,1,11.47834499999999,104,1,6.769230769230769,0.3575498575498576,19,10.548076923076923,1,344,11,0,0,0
11,12,true,,40,6,4,2,0.35,2,0.45,1,11.84128499999997,114,1,6.315789473684211,0.3607242339832869,18,10.657894736842104,1,373,8,0,0,0
12,1,true,,40,6,8,2,0.35,2,0.45,1,11.550882999999885,100,1,7.4,0.3617886178861789,12,10.24,1,301,5,0,0,0
12,2,true,,40,6,8,2,0.35,2,0.45,1,9.886848999999984,82,1,8.975609756097562,0.391008174386921,10,10.731707317073171,1,219,8,0,0,0
12,3,true,,40,6,8,2,0.35,2,0.45,1,10.536556999999902,103,1,7.223300970873787,0.37331536388140163,14,8.932038834951456,1,360,6,0,0,0
12,4,true,,40,6,8,2,0.35,2,0.45,1,10.542660000000069,98,1,7.469387755102041,0.3917808219178082,17,8.622448979591837,1,373,2,0,0,0
12,5,true,,40,6,8,2,0.35,2,0.45,1,11.520128000000113,96,1,7.375,0.3640226628895184,11,13.479166666666666,2,269,4,0,0,0
12,6,true,,40,6,8,2,0.35,2,0.45,1,10.14586700000018,92,1,7.956521739130435,0.34383561643835614,16,7.217391304347826,1,294,2,0,0,0
12,7,true,,40,6,8,2,0.35,2,0.45,1,11.07490100000041,95,1,7.621052631578947,0.3601108033240997,12,10.526315789473685,2,290,4,0,0,0
12,8,true,,40,6,8,2,0.35,2,0.45,1,9.823057000000063,84,1,8.666666666666666,0.3953168044077135,10,10.892857142857142,3,222,3,0,0,0
12,9,true,,40,6,8,2,0.35,2,0.45,1,10.194002000000182,98,1,7.510204081632653,0.3923705722070845,12,9.724489795918368,2,306,5,0,0,0
12,10,true,,40,6,8,2,0.35,2,0.45,1,11.712118000000373,100,1,7.24,0.37950138504155123,10,13.29,1,253,11,0,0,0
12,11,true,,40,6,8,2,0.35,2,0.45,1,10.752907999999934,92,1,7.6521739130434785,0.3575498575498576,12,10.967391304347826,1,259,8,0,0,0
12,12,true,,40,6,8,2,0.35,2,0.45,1,8.249501000000237,87,1,8.275862068965518,0.3607242339832869,16,7.068965517241379,1,299,6,0,0,0
13,1,true,,40,6,12,2,0.35,2,0.45,1,9.337846999999783,85,1,8.705882352941176,0.3617886178861789,14,10.070588235294117,1,261,7,0,0,0
13,2,true,,40,6,12,2,0.35,2,0.45,1,9.622898999999961,91,1,8.087912087912088,0.391008174386921,17,7.208791208791209,1,309,3,0,0,0
13,3,true,,40,6,12,2,0.35,2,0.45,1,8.902001999999811,91,1,8.175824175824175,0.37331536388140163,15,8.142857142857142,1,319,3,0,0,0
13,4,true,,40,6,12,2,0.35,2,0.45,1,7.797036000000389,77,1,9.506493506493506,0.3917808219178082,13,9.688311688311689,2,249,5,0,0,0
13,5,true,,40,6,12,2,0.35,2,0.45,1,9.41582100000005,73,1,9.698630136986301,0.3640226628895184,10,11.821917808219178,2,135,6,0,0,0
13,6,true,,40,6,12,2,0.35,2,0.45,1,8.982342999999673,81,1,9.037037037037036,0.34383561643835614,14,7.0246913580246915,2,236,3,0,0,0
13,7,true,,40,6,12,2,0.35,2,0.45,1,8.312922000000071,76,1,9.526315789473685,0.3601108033240997,13,7.921052631578948,1,242,4,0,0,0
13,8,true,,40,6,12,2,0.35,2,0.45,1,9.63715000000002,79,1,9.215189873417721,0.3953168044077135,10,10.835443037974683,1,172,2,0,0,0
13,9,true,,40,6,12,2,0.35,2,0.45,1,8.872272000000066,88,1,8.363636363636363,0.3923705722070845,16,7.704545454545454,1,300,5,0,0,0
13,10,true,,40,6,12,2,0.35,2,0.45,1,9.497824000000037,81,1,8.938271604938272,0.37950138504155123,11,8.45679012345679,2,201,5,0,0,0
13,11,true,,40,6,12,2,0.35,2,0.45,1,7.367469999999685,73,1,9.643835616438356,0.3575498575498576,15,5.931506849315069,2,207,2,0,0,0
13,12,true,,40,6,12,2,0.35,2,0.45,1,7.763216999999713,77,1,9.35064935064935,0.3607242339832869,13,8.246753246753247,1,223,3,0,0,0
14,1,true,,40,6,16,2,0.35,2,0.45,1,8.18612099999973,74,1,10,0.3617886178861789,12,10.04054054054054,1,186,7,0,0,0
14,2,true,,40,6,16,2,0.35,2,0.45,1,9.54054000000042,83,1,8.867469879518072,0.391008174386921,22,6.120481927710843,1,218,6,0,0,0
14,3,true,,40,6,16,2,0.35,2,0.45,1,7.473608999999669,72,1,10.333333333333334,0.37331536388140163,11,8.73611111111111,1,198,3,0,0,0
14,4,true,,40,6,16,2,0.35,2,0.45,1,7.939963000000262,73,1,10.027397260273972,0.3917808219178082,8,11.219178082191782,2,162,4,0,0,0
14,5,true,,40,6,16,2,0.35,2,0.45,1,16.215381999999863,69,1,10.26086956521739,0.3640226628895184,12,9.18840579710145,1,148,4,0,0,0
14,6,true,,40,6,16,2,0.35,2,0.45,1,7.970651000000089,74,1,9.891891891891891,0.34383561643835614,15,6.986486486486487,1,220,5,0,0,0
14,7,true,,40,6,16,2,0.35,2,0.45,1,6.877866999999696,61,1,11.868852459016393,0.3601108033240997,10,8.01639344262295,1,161,9,0,0,0
14,8,true,,40,6,16,2,0.35,2,0.45,1,8.647747999999865,76,1,9.578947368421053,0.3953168044077135,13,9.092105263157896,1,194,4,0,0,0
14,9,true,,40,6,16,2,0.35,2,0.45,1,6.803707000000031,64,1,11.5,0.3923705722070845,9,8.75,2,154,3,0,0,0
14,10,true,,40,6,16,2,0.35,2,0.45,1,8.178535999999895,76,1,9.526315789473685,0.37950138504155123,13,7.276315789473684,1,221,4,0,0,0
14,11,true,,40,6,16,2,0.35,2,0.45,1,7.293906999999763,67,1,10.507462686567164,0.3575498575498576,13,6.82089552238806,2,182,6,0,0,0
14,12,true,,40,6,16,2,0.35,2,0.45,1,6.621603999999934,62,1,11.612903225806452,0.3607242339832869,11,7.806451612903226,1,162,4,0,0,0
15,1,true,,40,8,2,2,0.35,2,0.45,1,9.758115000000089,94,1,7.872340425531915,0.3617886178861789,12,10.851063829787234,1,278,9,0,0,0
15,2,true,,40,8,2,2,0.35,2,0.45,1,9.592893999999887,94,1,7.829787234042553,0.391008174386921,12,11.23404255319149,1,288,7,0,0,0
15,3,true,,40,8,2,2,0.35,2,0.45,1,8.967739000000165,94,1,7.914893617021277,0.37331536388140163,15,9.148936170212766,1,298,11,0,0,0
15,4,true,,40,8,2,2,0.35,2,0.45,1,9.721124000000145,91,1,8.043956043956044,0.3917808219178082,16,10,1,321,9,0,0,0
15,5,true,,40,8,2,2,0.35,2,0.45,1,10.208032000000003,93,1,7.612903225806452,0.3640226628895184,13,10.505376344086022,1,275,7,0,0,0
15,6,true,,40,8,2,2,0.35,2,0.45,1,9.000184999999874,94,1,7.787234042553192,0.34383561643835614,25,6.23404255319149,1,373,14,0,0,0
15,7,true,,40,8,2,2,0.35,2,0.45,1,9.942273000000114,96,1,7.541666666666667,0.3601108033240997,12,11.59375,1,314,7,0,0,0
15,8,true,,40,8,2,2,0.35,2,0.45,1,9.834713000000193,90,1,8.088888888888889,0.3953168044077135,15,8.877777777777778,1,271,6,0,0,0
15,9,true,,40,8,2,2,0.35,2,0.45,1,9.642295999999988,94,1,7.829787234042553,0.3923705722070845,22,7.24468085106383,1,335,14,0,0,0
15,10,true,,40,8,2,2,0.35,2,0.45,1,9.818472000000384,92,1,7.869565217391305,0.37950138504155123,10,10.923913043478262,2,254,10,0,0,0
15,11,true,,40,8,2,2,0.35,2,0.45,1,10.163075999999819,90,1,7.822222222222222,0.3575498575498576,16,8.9,1,261,12,0,0,0
15,12,true,,40,8,2,2,0.35,2,0.45,1,9.265332000000399,89,1,8.089887640449438,0.3607242339832869,16,7.561797752808989,1,320,9,0,0,0
16,1,true,,40,8,4,2,0.35,2,0.45,1,10.27759900000001,100,1,7.4,0.3617886178861789,13,8.91,2,325,11,0,0,0
16,2,true,,40,8,4,2,0.35,2,0.45,1,9.651964000000135,91,1,8.087912087912088,0.391008174386921,17,8.153846153846153,1,297,5,0,0,0
16,3,true,,40,8,4,2,0.35,2,0.45,1,9.049125999999887,90,1,8.266666666666667,0.37331536388140163,10,10,2,277,13,0,0,0
16,4,true,,40,8,4,2,0.35,2,0.45,1,9.496143999999731,89,1,8.224719101123595,0.3917808219178082,19,8.44943820224719,1,278,5,0,0,0
16,5,true,,40,8,4,2,0.35,2,0.45,1,9.618456000000151,89,1,7.955056179775281,0.3640226628895184,16,10.595505617977528,1,263,6,0,0,0
16,6,true,,40,8,4,2,0.35,2,0.45,1,8.955908999999792,84,1,8.714285714285714,0.34383561643835614,12,9.023809523809524,1,247,11,0,0,0
16,7,true,,40,8,4,2,0.35,2,0.45,1,8.60024999999996,82,1,8.829268292682928,0.3601108033240997,16,6.865853658536586,1,288,3,0,0,0
16,8,true,,40,8,4,2,0.35,2,0.45,1,10.855460000000221,91,1,8,0.3953168044077135,13,13.010989010989011,1,225,8,0,0,0
16,9,true,,40,8,4,2,0.35,2,0.45,1,8.393381000000318,92,1,8,0.3923705722070845,16,8.206521739130435,1,330,6,0,0,0
16,10,true,,40,8,4,2,0.35,2,0.45,1,9.45359099999996,86,1,8.418604651162791,0.37950138504155123,13,7.511627906976744,2,286,7,0,0,0
16,11,true,,40,8,4,2,0.35,2,0.45,1,8.765308000000005,82,1,8.585365853658537,0.3575498575498576,12,9.317073170731707,1,227,5,0,0,0
16,12,true,,40,8,4,2,0.35,2,0.45,1,9.449232999999822,89,1,8.089887640449438,0.3607242339832869,16,7.224719101123595,1,295,10,0,0,0
17,1,true,,40,8,8,2,0.35,2,0.45,1,8.102658000000247,77,1,9.61038961038961,0.3617886178861789,17,7.116883116883117,1,247,10,0,0,0
17,2,true,,40,8,8,2,0.35,2,0.45,1,9.866289999999935,91,1,8.087912087912088,0.391008174386921,16,9.395604395604396,1,234,6,0,0,0
17,3,true,,40,8,8,2,0.35,2,0.45,1,8.300356999999622,86,1,8.651162790697674,0.37331536388140163,14,7.6976744186046515,1,293,6,0,0,0
17,4,true,,40,8,8,2,0.35,2,0.45,1,7.444934000000103,71,1,10.309859154929578,0.3917808219178082,13,7.253521126760563,1,217,6,0,0,0
17,5,true,,40,8,8,2,0.35,2,0.45,1,9.885315999999875,87,1,8.137931034482758,0.3640226628895184,12,10.195402298850574,1,241,4,0,0,0
17,6,true,,40,8,8,2,0.35,2,0.45,1,9.518606999999975,92,1,7.956521739130435,0.34383561643835614,16,7.032608695652174,1,323,12,0,0,0
17,7,true,,40,8,8,2,0.35,2,0.45,1,8.801355999999942,84,1,8.619047619047619,0.3601108033240997,13,9.928571428571429,1,233,3,0,0,0
17,8,true,,40,8,8,2,0.35,2,0.45,1,10.064640000000054,94,1,7.74468085106383,0.3953168044077135,10,10.23404255319149,2,240,5,0,0,0
17,9,true,,40,8,8,2,0.35,2,0.45,1,7.635451999999987,72,1,10.222222222222221,0.3923705722070845,14,7.305555555555555,1,206,5,0,0,0
17,10,true,,40,8,8,2,0.35,2,0.45,1,9.450584000000163,85,1,8.51764705882353,0.37950138504155123,14,9.282352941176471,1,229,5,0,0,0
17,11,true,,40,8,8,2,0.35,2,0.45,1,7.262611000000106,72,1,9.777777777777779,0.3575498575498576,14,7.861111111111111,1,205,7,0,0,0
17,12,true,,40,8,8,2,0.35,2,0.45,1,8.756875000000036,81,1,8.88888888888889,0.3607242339832869,14,6.864197530864198,2,260,5,0,0,0
18,1,true,,40,8,12,2,0.35,2,0.45,1,8.313818999999967,76,1,9.736842105263158,0.3617886178861789,12,10.210526315789474,1,220,7,0,0,0
18,2,true,,40,8,12,2,0.35,2,0.45,1,10.088357999999971,89,1,8.269662921348315,0.391008174386921,11,10.47191011235955,2,238,4,0,0,0
18,3,true,,40,8,12,2,0.35,2,0.45,1,6.6518840000003365,65,1,11.446153846153846,0.37331536388140163,16,4.584615384615384,1,245,4,0,0,0
18,4,true,,40,8,12,2,0.35,2,0.45,1,7.718825999999808,72,1,10.166666666666666,0.3917808219178082,11,7.472222222222222,2,204,2,0,0,0
18,5,true,,40,8,12,2,0.35,2,0.45,1,8.317519000000175,74,1,9.567567567567568,0.3640226628895184,10,9.378378378378379,2,191,6,0,0,0
18,6,true,,40,8,12,2,0.35,2,0.45,1,8.480440000000272,79,1,9.265822784810126,0.34383561643835614,15,5.215189873417722,2,278,4,0,0,0
18,7,true,,40,8,12,2,0.35,2,0.45,1,7.00987699999996,64,1,11.3125,0.3601108033240997,10,10.125,1,141,8,0,0,0
18,8,true,,40,8,12,2,0.35,2,0.45,1,9.552801999999701,84,1,8.666666666666666,0.3953168044077135,11,10.071428571428571,2,209,5,0,0,0
18,9,true,,40,8,12,2,0.35,2,0.45,1,7.3762910000000375,65,1,11.323076923076924,0.3923705722070845,11,7.323076923076923,1,182,6,0,0,0
18,10,true,,40,8,12,2,0.35,2,0.45,1,6.464252000000215,58,1,12.482758620689655,0.37950138504155123,8,7.5344827586206895,3,131,7,0,0,0
18,11,true,,40,8,12,2,0.35,2,0.45,1,7.3773190000001705,64,1,11,0.3575498575498576,10,8.03125,1,175,2,0,0,0
18,12,true,,40,8,12,2,0.35,2,0.45,1,7.029996999999639,67,1,10.746268656716419,0.3607242339832869,12,8.283582089552239,1,187,3,0,0,0
19,1,true,,40,8,16,2,0.35,2,0.45,1,6.787052000000131,66,1,11.212121212121213,0.3617886178861789,8,10.424242424242424,3,167,9,0,0,0
19,2,true,,40,8,16,2,0.35,2,0.45,1,7.433990999999878,66,1,11.151515151515152,0.391008174386921,8,9.545454545454545,2,158,5,0,0,0
19,3,true,,40,8,16,2,0.35,2,0.45,1,7.843342000000121,74,1,10.054054054054054,0.37331536388140163,23,5.621621621621622,1,249,5,0,0,0
19,4,true,,40,8,16,2,0.35,2,0.45,1,5.778264000000036,56,1,13.071428571428571,0.3917808219178082,10,7.482142857142857,2,184,4,0,0,0
19,5,true,,40,8,16,2,0.35,2,0.45,1,7.95827700000018,77,1,9.194805194805195,0.3640226628895184,13,8.376623376623376,1,231,11,0,0,0
19,6,true,,40,8,16,2,0.35,2,0.45,1,7.8437840000001415,73,1,10.027397260273972,0.34383561643835614,13,6.465753424657534,2,216,3,0,0,0
19,7,true,,40,8,16,2,0.35,2,0.45,1,7.357860000000073,68,1,10.647058823529411,0.3601108033240997,19,6.029411764705882,1,177,4,0,0,0
19,8,true,,40,8,16,2,0.35,2,0.45,1,6.805776000000151,59,1,12.338983050847459,0.3953168044077135,12,6.711864406779661,1,142,7,0,0,0
19,9,true,,40,8,16,2,0.35,2,0.45,1,6.164166999999907,61,1,12.065573770491802,0.3923705722070845,12,6.704918032786885,2,138,2,0,0,0
19,10,true,,40,8,16,2,0.35,2,0.45,1,7.201470999999856,66,1,10.969696969696969,0.37950138504155123,8,9.621212121212121,2,166,5,0,0,0
19,11,true,,40,8,16,2,0.35,2,0.45,1,8.247831000000133,67,1,10.507462686567164,0.3575498575498576,10,10.447761194029852,1,153,10,0,0,0
19,12,true,,40,8,16,2,0.35,2,0.45,1,7.42311699999982,67,1,10.746268656716419,0.3607242339832869,11,8.73134328358209,1,179,5,0,0,1
20,1,true,,40,10,2,2,0.35,2,0.45,1,7.35076700000036,75,1,9.866666666666667,0.3617886178861789,15,6.733333333333333,1,229,4,0,0,0
20,2,true,,40,10,2,2,0.35,2,0.45,1,7.853654000000006,75,1,9.813333333333333,0.391008174386921,11,8.266666666666667,1,236,10,0,0,0
20,3,true,,40,10,2,2,0.35,2,0.45,1,7.371448999999757,74,1,10.054054054054054,0.37331536388140163,17,5.4324324324324325,1,260,2,0,0,0
20,4,true,,40,10,2,2,0.35,2,0.45,1,10.071802999999818,72,1,10.166666666666666,0.3917808219178082,11,9.208333333333334,1,232,5,0,0,0
20,5,true,,40,10,2,2,0.35,2,0.45,1,8.241660999999567,71,1,9.971830985915492,0.3640226628895184,9,8.915492957746478,1,195,7,0,0,0
20,6,true,,40,10,2,2,0.35,2,0.45,1,7.554409000000305,73,1,10.027397260273972,0.34383561643835614,12,8.068493150684931,1,207,15,0,0,0
20,7,true,,40,10,2,2,0.35,2,0.45,1,8.333494000000428,78,1,9.282051282051283,0.3601108033240997,11,8.307692307692308,3,250,12,0,0,0
20,8,true,,40,10,2,2,0.35,2,0.45,1,8.855454000000009,74,1,9.837837837837839,0.3953168044077135,11,8.324324324324325,1,206,11,0,0,0
20,9,true,,40,10,2,2,0.35,2,0.45,1,7.763750000000073,74,1,9.945945945945946,0.3923705722070845,14,7.824324324324325,1,217,10,0,0,0
20,10,true,,40,10,2,2,0.35,2,0.45,1,8.227552999999716,76,1,9.526315789473685,0.37950138504155123,15,7.815789473684211,1,242,11,0,0,0
20,11,true,,40,10,2,2,0.35,2,0.45,1,8.09759800000029,72,1,9.777777777777779,0.3575498575498576,15,5.791666666666667,1,222,8,0,0,0
20,12,true,,40,10,2,2,0.35,2,0.45,1,7.929166999999779,73,1,9.863013698630137,0.3607242339832869,14,7.684931506849315,1,220,12,0,0,0
21,1,true,,40,10,4,2,0.35,2,0.45,1,8.003074000000197,73,1,10.136986301369863,0.3617886178861789,13,9.013698630136986,1,194,7,0,0,0
21,2,true,,40,10,4,2,0.35,2,0.45,1,8.217569999999796,76,1,9.68421052631579,0.391008174386921,14,7.381578947368421,1,223,7,0,0,0
21,3,true,,40,10,4,2,0.35,2,0.45,1,7.8765040000002955,75,1,9.92,0.37331536388140163,13,6.76,1,241,8,0,0,0
21,4,true,,40,10,4,2,0.35,2,0.45,1,8.150692000000163,79,1,9.265822784810126,0.3917808219178082,14,7.987341772151899,1,263,6,0,0,0
21,5,true,,40,10,4,2,0.35,2,0.45,1,8.469573999999739,72,1,9.833333333333334,0.3640226628895184,10,11.5,1,175,4,0,0,0
21,6,true,,40,10,4,2,0.35,2,0.45,1,7.751826000000165,78,1,9.384615384615385,0.34383561643835614,10,8.705128205128204,3,269,8,0,0,0
21,7,true,,40,10,4,2,0.35,2,0.45,1,7.9446539999999,72,1,10.055555555555555,0.3601108033240997,12,8.23611111111111,1,234,6,0,0,1
21,8,true,,40,10,4,2,0.35,2,0.45,1,7.500211000000036,67,1,10.865671641791044,0.3953168044077135,16,6.582089552238806,1,248,2,0,0,0
21,9,true,,40,10,4,2,0.35,2,0.45,1,7.298151999999845,73,1,10.082191780821917,0.3923705722070845,17,5.917808219178082,1,286,5,0,0,0
21,10,true,,40,10,4,2,0.35,2,0.45,1,8.694824999999582,75,1,9.653333333333334,0.37950138504155123,11,10.413333333333334,1,194,9,0,0,1
21,11,true,,40,10,4,2,0.35,2,0.45,1,7.480803999999807,71,1,9.915492957746478,0.3575498575498576,13,6.633802816901408,1,208,6,0,0,0
21,12,true,,40,10,4,2,0.35,2,0.45,1,8.07680900000014,73,1,9.863013698630137,0.3607242339832869,15,6.890410958904109,1,234,11,0,0,0
22,1,true,,40,10,8,2,0.35,2,0.45,1,8.943739000000278,83,1,8.91566265060241,0.3617886178861789,12,9.433734939759036,1,244,6,0,0,0
22,2,true,,40,10,8,2,0.35,2,0.45,1,9.118785000000116,78,1,9.435897435897436,0.391008174386921,9,10.012820512820513,1,169,8,0,0,0
22,3,true,,40,10,8,2,0.35,2,0.45,1,6.5094890000000305,63,1,11.80952380952381,0.37331536388140163,14,6.857142857142857,1,208,2,0,0,0
22,4,true,,40,10,8,2,0.35,2,0.45,1,6.885752000000139,69,1,10.608695652173912,0.3917808219178082,13,7,3,210,7,0,0,0
22,5,true,,40,10,8,2,0.35,2,0.45,1,7.81507399999964,73,1,9.698630136986301,0.3640226628895184,16,6.931506849315069,1,196,6,0,0,2
22,6,true,,40,10,8,2,0.35,2,0.45,1,6.939139000000068,63,1,11.619047619047619,0.34383561643835614,10,7.523809523809524,2,160,5,0,0,0
22,7,true,,40,10,8,2,0.35,2,0.45,1,6.175607000000127,55,1,13.163636363636364,0.3601108033240997,10,8.854545454545455,1,152,3,0,0,0
22,8,true,,40,10,8,2,0.35,2,0.45,1,9.408876999999848,81,1,8.987654320987655,0.3953168044077135,15,7.91358024691358,1,264,4,0,0,0
22,9,true,,40,10,8,2,0.35,2,0.45,1,7.312065000000075,73,1,10.082191780821917,0.3923705722070845,13,8.095890410958905,1,211,11,0,0,0
22,10,true,,40,10,8,2,0.35,2,0.45,1,7.825059000000238,67,1,10.805970149253731,0.37950138504155123,14,7.358208955223881,1,195,7,0,0,0
22,11,true,,40,10,8,2,0.35,2,0.45,1,7.241387999999915,65,1,10.830769230769231,0.3575498575498576,14,6.1692307692307695,1,163,4,0,0,0
22,12,true,,40,10,8,2,0.35,2,0.45,1,6.415364000000409,65,1,11.076923076923077,0.3607242339832869,14,6.015384615384615,1,174,6,0,0,0
23,1,true,,40,10,12,2,0.35,2,0.45,1,8.221736999999848,71,1,10.422535211267606,0.3617886178861789,15,6.704225352112676,1,215,6,0,0,0
23,2,true,,40,10,12,2,0.35,2,0.45,1,7.377868000000035,67,1,10.985074626865671,0.391008174386921,10,7.835820895522388,4,154,2,0,0,0
23,3,true,,40,10,12,2,0.35,2,0.45,1,6.79858699999977,66,1,11.272727272727273,0.37331536388140163,18,4.575757575757576,1,195,7,0,0,0
23,4,true,,40,10,12,2,0.35,2,0.45,1,7.98935100000017,72,1,10.166666666666666,0.3917808219178082,12,8.875,2,194,2,0,0,0
23,5,true,,40,10,12,2,0.35,2,0.45,1,7.486329000000296,66,1,10.727272727272727,0.3640226628895184,12,8.242424242424242,1,163,7,0,0,0
23,6,true,,40,10,12,2,0.35,2,0.45,1,6.779041000000234,57,1,12.842105263157896,0.34383561643835614,9,7.719298245614035,2,129,2,0,0,0
23,7,true,,40,10,12,2,0.35,2,0.45,1,5.691293000000314,51,1,14.196078431372548,0.3601108033240997,10,7.352941176470588,2,118,4,0,0,0
23,8,true,,40,10,12,2,0.35,2,0.45,1,7.66641299999992,68,1,10.705882352941176,0.3953168044077135,13,6.823529411764706,1,188,4,0,0,0
23,9,true,,40,10,12,2,0.35,2,0.45,1,7.2475540000000365,67,1,10.985074626865671,0.3923705722070845,11,6.91044776119403,1,167,8,0,0,0
23,10,true,,40,10,12,2,0.35,2,0.45,1,7.2117920000000595,64,1,11.3125,0.37950138504155123,14,6.0625,2,182,5,0,0,0
23,11,true,,40,10,12,2,0.35,2,0.45,1,6.430825999999797,60,1,11.733333333333333,0.3575498575498576,14,5.366666666666666,1,173,7,0,0,0
23,12,true,,40,10,12,2,0.35,2,0.45,1,5.861849999999777,53,1,13.584905660377359,0.3607242339832869,9,6.962264150943396,1,136,5,0,0,1
24,1,true,,40,10,16,2,0.35,2,0.45,1,7.665575999999874,69,1,10.72463768115942,0.3617886178861789,9,8.46376811594203,2,200,10,0,0,0
24,2,true,,40,10,16,2,0.35,2,0.45,1,7.395414000000073,65,1,11.323076923076924,0.391008174386921,11,7.907692307692308,1,163,5,0,0,0
24,3,true,,40,10,16,2,0.35,2,0.45,1,6.282877000000099,54,1,13.777777777777779,0.37331536388140163,10,6.407407407407407,2,139,6,0,0,0
24,4,true,,40,10,16,2,0.35,2,0.45,1,6.53980300000012,59,1,12.40677966101695,0.3917808219178082,13,5.288135593220339,1,205,5,0,0,0
24,5,true,,40,10,16,2,0.35,2,0.45,1,7.367597999999816,67,1,10.567164179104477,0.3640226628895184,14,9.313432835820896,1,167,6,0,0,0
24,6,true,,40,10,16,2,0.35,2,0.45,1,7.303168999999798,66,1,11.090909090909092,0.34383561643835614,12,7,1,175,4,0,0,1
24,7,true,,40,10,16,2,0.35,2,0.45,1,6.856111999999939,60,1,12.066666666666666,0.3601108033240997,11,6.633333333333334,1,202,4,0,0,0
24,8,true,,40,10,16,2,0.35,2,0.45,1,6.964730000000145,58,1,12.551724137931034,0.3953168044077135,8,9.982758620689655,1,131,4,0,0,1
24,9,true,,40,10,16,2,0.35,2,0.45,1,5.954031000000214,56,1,13.142857142857142,0.3923705722070845,11,7.410714285714286,1,130,4,0,0,0
24,10,true,,40,10,16,2,0.35,2,0.45,1,7.2272320000001855,61,1,11.868852459016393,0.37950138504155123,8,7.557377049180328,3,130,5,0,0,0
24,11,true,,40,10,16,2,0.35,2,0.45,1,5.7636640000000625,50,1,14.08,0.3575498575498576,11,6.68,1,122,7,0,0,0
24,12,true,,40,10,16,2,0.35,2,0.45,1,5.837101999999959,55,1,13.090909090909092,0.3607242339832869,8,7.054545454545455,3,133,12,0,0,1
25,1,true,,40,14,2,2,0.35,2,0.45,1,6.440203999999994,56,1,13.214285714285714,0.3617886178861789,13,6.178571428571429,1,165,12,0,0,1
25,2,true,,40,14,2,2,0.35,2,0.45,1,5.9150839999997515,53,1,13.88679245283019,0.391008174386921,11,6.283018867924528,1,119,6,0,0,0
25,3,true,,40,14,2,2,0.35,2,0.45,1,5.948310999999649,55,1,13.527272727272727,0.37331536388140163,12,7.3090909090909095,1,185,10,0,0,0
25,4,true,,40,14,2,2,0.35,2,0.45,1,5.750940999999784,53,1,13.81132075471698,0.3917808219178082,12,5.679245283018868,1,161,9,0,0,3
25,5,true,,40,14,2,2,0.35,2,0.45,1,5.870726999999988,55,1,12.872727272727273,0.3640226628895184,8,8.709090909090909,1,125,7,0,0,1
25,6,true,,40,14,2,2,0.35,2,0.45,1,6.016044999999849,55,1,13.309090909090909,0.34383561643835614,12,5.963636363636364,1,162,7,0,0,0
25,7,true,,40,14,2,2,0.35,2,0.45,1,6.217407999999978,54,1,13.407407407407407,0.3601108033240997,9,6.796296296296297,2,128,7,0,0,0
25,8,true,,40,14,2,2,0.35,2,0.45,1,6.481383000000278,53,1,13.735849056603774,0.3953168044077135,11,6.415094339622642,1,147,5,0,0,0
25,9,true,,40,14,2,2,0.35,2,0.45,1,5.866143999999622,56,1,13.142857142857142,0.3923705722070845,15,4.803571428571429,1,199,7,0,0,1
25,10,true,,40,14,2,2,0.35,2,0.45,1,5.948429000000033,54,1,13.407407407407407,0.37950138504155123,8,7.962962962962963,1,136,10,0,0,1
25,11,true,,40,14,2,2,0.35,2,0.45,1,6.046741999999995,53,1,13.283018867924529,0.3575498575498576,11,6.90566037735849,1,124,6,0,0,0
25,12,true,,40,14,2,2,0.35,2,0.45,1,5.618535999999949,53,1,13.584905660377359,0.3607242339832869,10,7.245283018867925,2,129,8,0,0,0
26,1,true,,40,14,4,2,0.35,2,0.45,1,5.896839999999884,55,1,13.454545454545455,0.3617886178861789,13,5.290909090909091,1,170,10,0,0,0
26,2,true,,40,14,4,2,0.35,2,0.45,1,6.021443999999974,53,1,13.88679245283019,0.391008174386921,9,6.60377358490566,2,132,2,0,0,0
26,3,true,,40,14,4,2,0.35,2,0.45,1,5.312112999999954,54,1,13.777777777777779,0.37331536388140163,11,7.7407407407407405,1,152,7,0,0,0
26,4,true,,40,14,4,2,0.35,2,0.45,1,6.526572999999644,53,1,13.81132075471698,0.3917808219178082,9,7.056603773584905,1,158,9,0,0,0
26,5,true,,40,14,4,2,0.35,2,0.45,1,5.749961999999869,53,1,13.358490566037736,0.3640226628895184,11,5,1,135,7,0,0,0
26,6,true,,40,14,4,2,0.35,2,0.45,1,5.959393000000091,54,1,13.555555555555555,0.34383561643835614,10,6.037037037037037,2,172,7,0,0,0
26,7,true,,40,14,4,2,0.35,2,0.45,1,6.161763999999948,52,1,13.923076923076923,0.3601108033240997,10,7.961538461538462,1,129,5,0,0,0
26,8,true,,40,14,4,2,0.35,2,0.45,1,5.895591999999851,52,1,14,0.3953168044077135,11,6.0576923076923075,2,125,5,0,0,0
26,9,true,,40,14,4,2,0.35,2,0.45,1,5.782053999999789,53,1,13.88679245283019,0.3923705722070845,14,4.622641509433962,1,176,7,0,0,0
26,10,true,,40,14,4,2,0.35,2,0.45,1,5.621744999999919,52,1,13.923076923076923,0.37950138504155123,14,5.846153846153846,1,138,8,0,0,2
26,11,true,,40,14,4,2,0.35,2,0.45,1,5.851764000000003,51,1,13.803921568627452,0.3575498575498576,10,6.509803921568627,1,138,4,0,0,0
26,12,true,,40,14,4,2,0.35,2,0.45,1,5.53709200000003,51,1,14.117647058823529,0.3607242339832869,14,5.627450980392157,1,159,6,0,0,0
27,1,true,,40,14,8,2,0.35,2,0.45,1,6.39129899999989,52,1,14.23076923076923,0.3617886178861789,11,6.0576923076923075,1,152,4,0,0,0
27,2,true,,40,14,8,2,0.35,2,0.45,1,6.412584000000152,55,1,13.381818181818181,0.391008174386921,11,6.6909090909090905,1,156,8,0,0,0
27,3,true,,40,14,8,2,0.35,2,0.45,1,5.759921999999733,53,1,14.037735849056604,0.37331536388140163,11,5.245283018867925,1,142,2,0,0,0
27,4,true,,40,14,8,2,0.35,2,0.45,1,5.8711560000001555,50,1,14.64,0.3917808219178082,11,6.3,1,151,4,0,0,0
27,5,true,,40,14,8,2,0.35,2,0.45,1,6.268705999999838,55,1,12.872727272727273,0.3640226628895184,7,9.50909090909091,1,136,4,0,0,0
27,6,true,,40,14,8,2,0.35,2,0.45,1,6.17283099999986,53,1,13.81132075471698,0.34383561643835614,12,5.7924528301886795,1,171,1,0,0,0
27,7,true,,40,14,8,2,0.35,2,0.45,1,5.6729889999996885,50,1,14.48,0.3601108033240997,8,7.62,2,111,6,0,0,0
27,8,true,,40,14,8,2,0.35,2,0.45,1,5.9412769999999,54,1,13.481481481481481,0.3953168044077135,9,8.61111111111111,1,107,7,0,0,0
27,9,true,,40,14,8,2,0.35,2,0.45,1,5.973126999999749,54,1,13.62962962962963,0.3923705722070845,9,6.7407407407407405,2,136,6,0,0,0
27,10,true,,40,14,8,2,0.35,2,0.45,1,5.102722999999969,48,1,15.083333333333334,0.37950138504155123,10,7.708333333333333,1,105,3,0,0,0
27,11,true,,40,14,8,2,0.35,2,0.45,1,5.765777999999955,50,1,14.08,0.3575498575498576,12,5.54,1,130,3,0,0,0
27,12,true,,40,14,8,2,0.35,2,0.45,1,5.7010849999996935,52,1,13.846153846153847,0.3607242339832869,8,7.730769230769231,2,111,8,0,0,0
28,1,true,,40,14,12,2,0.35,2,0.45,1,5.987147000000277,51,1,14.509803921568627,0.3617886178861789,10,6.372549019607843,1,119,5,0,0,0
28,2,true,,40,14,12,2,0.35,2,0.45,1,6.75725599999987,57,1,12.912280701754385,0.391008174386921,8,8.421052631578947,2,115,6,0,0,0
28,3,true,,40,14,12,2,0.35,2,0.45,1,5.384954999999991,53,1,14.037735849056604,0.37331536388140163,11,6.320754716981132,1,147,11,0,0,0
28,4,true,,40,14,12,2,0.35,2,0.45,1,5.728067999999894,47,1,15.574468085106384,0.3917808219178082,9,6.042553191489362,1,125,5,0,0,0
28,5,true,,40,14,12,2,0.35,2,0.45,1,5.852777999999944,55,1,12.872727272727273,0.3640226628895184,12,7.909090909090909,1,139,5,0,0,0
28,6,true,,40,14,12,2,0.35,2,0.45,1,5.843024000000241,49,1,14.938775510204081,0.34383561643835614,12,5.448979591836735,1,118,4,0,0,0
28,7,true,,40,14,12,2,0.35,2,0.45,1,5.844340999999986,54,1,13.407407407407407,0.3601108033240997,12,5.87037037037037,1,135,1,0,0,0
28,8,true,,40,14,12,2,0.35,2,0.45,1,6.318283000000065,55,1,13.236363636363636,0.3953168044077135,9,8.054545454545455,1,114,5,0,0,0
28,9,true,,40,14,12,2,0.35,2,0.45,1,6.177084000000377,49,1,15.020408163265307,0.3923705722070845,8,7.918367346938775,1,97,7,0,0,0
28,10,true,,40,14,12,2,0.35,2,0.45,1,5.630558999999721,48,1,15.083333333333334,0.37950138504155123,8,7.854166666666667,1,104,6,0,0,0
28,11,true,,40,14,12,2,0.35,2,0.45,1,6.159905999999864,53,1,13.283018867924529,0.3575498575498576,13,5.264150943396227,1,146,8,0,0,1
28,12,true,,40,14,12,2,0.35,2,0.45,1,6.003115999999864,55,1,13.090909090909092,0.3607242339832869,13,5.927272727272728,1,156,7,0,0,0
29,1,true,,40,14,16,2,0.35,2,0.45,1,6.092483999999786,55,1,13.454545454545455,0.3617886178861789,9,9.454545454545455,2,135,10,0,0,0
29,2,true,,40,14,16,2,0.35,2,0.45,1,6.092155999999704,57,1,12.912280701754385,0.391008174386921,17,4.719298245614035,1,151,4,0,0,0
29,3,true,,40,14,16,2,0.35,2,0.45,1,4.574561000000358,43,1,17.302325581395348,0.37331536388140163,13,4.6976744186046515,1,114,4,0,0,0
29,4,true,,40,14,16,2,0.35,2,0.45,1,5.365969999999834,45,1,16.266666666666666,0.3917808219178082,10,5.044444444444444,2,126,3,0,0,1
29,5,true,,40,14,16,2,0.35,2,0.45,1,4.891779999999926,44,1,16.09090909090909,0.3640226628895184,7,8.863636363636363,1,59,3,0,0,0
29,6,true,,40,14,16,2,0.35,2,0.45,1,5.852789999999914,50,1,14.64,0.34383561643835614,9,6.74,2,124,7,0,0,1
29,7,true,,40,14,16,2,0.35,2,0.45,1,4.5406339999999545,41,1,17.658536585365855,0.3601108033240997,7,6.658536585365853,1,76,5,0,0,0
29,8,true,,40,14,16,2,0.35,2,0.45,1,6.606375999999727,53,1,13.735849056603774,0.3953168044077135,9,6.962264150943396,1,98,9,0,0,0
29,9,true,,40,14,16,2,0.35,2,0.45,1,5.363989999999831,50,1,14.72,0.3923705722070845,14,4.7,1,115,7,0,0,0
29,10,true,,40,14,16,2,0.35,2,0.45,1,6.228446000000076,49,1,14.775510204081632,0.37950138504155123,9,6.551020408163265,2,102,9,0,0,1
29,11,true,,40,14,16,2,0.35,2,0.45,1,6.760922999999821,58,1,12.137931034482758,0.3575498575498576,11,6.931034482758621,1,130,6,0,0,0
29,12,true,,40,14,16,2,0.35,2,0.45,1,5.068833000000268,45,1,16,0.3607242339832869,9,7.044444444444444,2,128,8,0,0,0
30,1,true,,40,20,2,2,0.35,2,0.45,1,5.121674999999868,40,1,18.5,0.3617886178861789,9,5.575,1,99,8,0,0,0
30,2,true,,40,20,2,2,0.35,2,0.45,1,4.80609400000003,40,1,18.4,0.391008174386921,12,4.3,1,127,12,0,0,1
30,3,true,,40,20,2,2,0.35,2,0.45,1,5.070737000000008,43,1,17.302325581395348,0.37331536388140163,11,5.186046511627907,1,116,13,0,0,1
30,4,true,,40,20,2,2,0.35,2,0.45,1,4.279782000000068,37,1,19.783783783783782,0.3917808219178082,7,6.918918918918919,2,81,6,0,0,0
30,5,true,,40,20,2,2,0.35,2,0.45,1,4.415653999999904,38,1,18.63157894736842,0.3640226628895184,9,5.7631578947368425,1,83,9,0,0,0
30,6,true,,40,20,2,2,0.35,2,0.45,1,5.3609779999997045,41,1,17.853658536585368,0.34383561643835614,11,4.780487804878049,1,102,12,0,0,0
30,7,true,,40,20,2,2,0.35,2,0.45,1,4.512496000000283,39,1,18.564102564102566,0.3601108033240997,9,5.282051282051282,1,112,10,0,0,1
30,8,true,,40,20,2,2,0.35,2,0.45,1,4.963259999999991,38,1,19.157894736842106,0.3953168044077135,6,7,3,69,5,0,0,0
30,9,true,,40,20,2,2,0.35,2,0.45,1,4.391556000000037,38,1,19.36842105263158,0.3923705722070845,12,4.052631578947368,1,100,5,0,0,0
30,10,true,,40,20,2,2,0.35,2,0.45,1,4.796806000000288,37,1,19.56756756756757,0.37950138504155123,10,4.945945945945946,1,70,7,0,0,0
30,11,true,,40,20,2,2,0.35,2,0.45,1,4.4527069999999185,37,1,19.027027027027028,0.3575498575498576,9,6.135135135135135,1,77,6,0,0,0
30,12,true,,40,20,2,2,0.35,2,0.45,1,4.663630000000012,38,1,18.94736842105263,0.3607242339832869,9,5.2631578947368425,1,82,8,0,0,2
31,1,true,,40,20,4,2,0.35,2,0.45,1,4.182554999999866,37,1,20,0.3617886178861789,12,4.324324324324325,1,124,3,0,0,2
31,2,true,,40,20,4,2,0.35,2,0.45,1,4.345019999999749,39,1,18.871794871794872,0.391008174386921,9,6.358974358974359,1,85,7,0,0,0
31,3,true,,40,20,4,2,0.35,2,0.45,1,4.519235000000208,40,1,18.6,0.37331536388140163,12,3.95,1,106,6,0,0,1
31,4,true,,40,20,4,2,0.35,2,0.45,1,4.726349999999911,37,1,19.783783783783782,0.3917808219178082,7,5.135135135135135,1,102,5,0,0,1
31,5,true,,40,20,4,2,0.35,2,0.45,1,4.725694000000203,37,1,19.135135135135137,0.3640226628895184,7,5.675675675675675,3,90,5,0,0,0
31,6,true,,40,20,4,2,0.35,2,0.45,1,5.105275999999776,40,1,18.3,0.34383561643835614,11,4.225,1,104,6,0,0,0
31,7,true,,40,20,4,2,0.35,2,0.45,1,5.220060999999987,39,1,18.564102564102566,0.3601108033240997,7,6.282051282051282,1,93,5,0,0,0
31,8,true,,40,20,4,2,0.35,2,0.45,1,4.741111000000274,37,1,19.675675675675677,0.3953168044077135,8,6.594594594594595,1,79,4,0,0,0
31,9,true,,40,20,4,2,0.35,2,0.45,1,4.152294999999867,37,1,19.89189189189189,0.3923705722070845,12,4.54054054054054,1,105,6,0,0,0
31,10,true,,40,20,4,2,0.35,2,0.45,1,5.108024999999998,38,1,19.05263157894737,0.37950138504155123,9,4.657894736842105,1,81,8,0,0,0
31,11,true,,40,20,4,2,0.35,2,0.45,1,4.600869999999759,38,1,18.526315789473685,0.3575498575498576,10,5,1,89,4,0,0,0
31,12,true,,40,20,4,2,0.35,2,0.45,1,5.015367999999853,38,1,18.94736842105263,0.3607242339832869,7,7.447368421052632,1,83,5,0,0,1
32,1,true,,40,20,8,2,0.35,2,0.45,1,4.882912000000033,42,1,17.61904761904762,0.3617886178861789,9,5.4523809523809526,1,97,9,0,0,1
32,2,true,,40,20,8,2,0.35,2,0.45,1,4.7712249999999585,39,1,18.871794871794872,0.391008174386921,8,6.282051282051282,1,81,6,0,0,1
32,3,true,,40,20,8,2,0.35,2,0.45,1,4.282731999999669,38,1,19.57894736842105,0.37331536388140163,10,4.447368421052632,1,108,6,0,0,0
32,4,true,,40,20,8,2,0.35,2,0.45,1,4.2129979999999705,37,1,19.783783783783782,0.3917808219178082,12,5.216216216216216,1,97,3,0,0,0
32,5,true,,40,20,8,2,0.35,2,0.45,1,4.761981999999989,37,1,19.135135135135137,0.3640226628895184,7,6.4324324324324325,2,92,7,0,0,0
32,6,true,,40,20,8,2,0.35,2,0.45,1,4.241570000000138,41,1,17.853658536585368,0.34383561643835614,11,4.878048780487805,1,97,7,0,0,0
32,7,true,,40,20,8,2,0.35,2,0.45,1,5.141435000000456,41,1,17.658536585365855,0.3601108033240997,9,6.487804878048781,1,90,9,0,0,0
32,8,true,,40,20,8,2,0.35,2,0.45,1,4.944604000000254,41,1,17.75609756097561,0.3953168044077135,7,6.341463414634147,2,88,9,0,0,0
32,9,true,,40,20,8,2,0.35,2,0.45,1,4.7422880000003715,40,1,18.4,0.3923705722070845,11,3.925,1,126,5,0,0,0
32,10,true,,40,20,8,2,0.35,2,0.45,1,4.873101999999562,41,1,17.658536585365855,0.37950138504155123,8,5.536585365853658,2,77,4,0,0,0
32,11,true,,40,20,8,2,0.35,2,0.45,1,4.761946000000535,40,1,17.6,0.3575498575498576,9,5.2,2,99,7,0,0,0
32,12,true,,40,20,8,2,0.35,2,0.45,1,3.9750910000002477,36,1,20,0.3607242339832869,7,5.944444444444445,2,74,9,0,0,0
33,1,true,,40,20,12,2,0.35,2,0.45,1,4.698863999999958,37,1,20,0.3617886178861789,7,6.45945945945946,2,84,8,0,0,1
33,2,true,,40,20,12,2,0.35,2,0.45,1,5.055046000000402,41,1,17.951219512195124,0.391008174386921,9,5.7073170731707314,1,90,6,0,0,0
33,3,true,,40,20,12,2,0.35,2,0.45,1,4.5382199999994555,40,1,18.6,0.37331536388140163,10,5.45,1,112,8,0,0,0
33,4,true,,40,20,12,2,0.35,2,0.45,1,4.959905000000617,33,1,22.181818181818183,0.3917808219178082,7,5,1,54,2,0,0,0
33,5,true,,40,20,12,2,0.35,2,0.45,1,4.09221400000024,37,1,19.135135135135137,0.3640226628895184,6,6.756756756756757,3,68,7,0,0,0
33,6,true,,40,20,12,2,0.35,2,0.45,1,4.5939739999994345,38,1,19.263157894736842,0.34383561643835614,9,4.868421052631579,1,94,6,0,0,0
33,7,true,,40,20,12,2,0.35,2,0.45,1,4.418759000000136,36,1,20.11111111111111,0.3601108033240997,9,5.361111111111111,1,83,4,0,0,0
33,8,true,,40,20,12,2,0.35,2,0.45,1,4.908822999999757,39,1,18.666666666666668,0.3953168044077135,8,5.153846153846154,2,78,6,0,0,0
33,9,true,,40,20,12,2,0.35,2,0.45,1,4.052736999999979,36,1,20.444444444444443,0.3923705722070845,7,6.777777777777778,1,59,7,0,0,0
33,10,true,,40,20,12,2,0.35,2,0.45,1,6.319789000000128,50,1,14.48,0.37950138504155123,6,11.28,1,93,4,0,0,1
33,11,true,,40,20,12,2,0.35,2,0.45,1,4.67475099999956,40,1,17.6,0.3575498575498576,8,5.35,3,92,5,0,0,0
33,12,true,,40,20,12,2,0.35,2,0.45,1,4.30453899999975,38,1,18.94736842105263,0.3607242339832869,7,6.842105263157895,1,79,4,0,0,0
34,1,true,,40,20,16,2,0.35,2,0.45,1,4.906622999999854,41,1,18.048780487804876,0.3617886178861789,13,4.658536585365853,1,111,3,0,0,0
34,2,true,,40,20,16,2,0.35,2,0.45,1,4.974164000000201,43,1,17.11627906976744,0.391008174386921,6,7.3023255813953485,3,85,4,0,0,0
34,3,true,,40,20,16,2,0.35,2,0.45,1,4.643168000000514,39,1,19.076923076923077,0.37331536388140163,9,6.205128205128205,1,77,4,0,0,0
34,4,true,,40,20,16,2,0.35,2,0.45,1,4.147560999999769,34,1,21.529411764705884,0.3917808219178082,8,6.352941176470588,1,70,5,0,0,0
34,5,true,,40,20,16,2,0.35,2,0.45,1,4.85559000000012,35,1,20.228571428571428,0.3640226628895184,6,6.514285714285714,1,55,3,0,0,0
34,6,true,,40,20,16,2,0.35,2,0.45,1,3.755630999999994,32,1,22.875,0.34383561643835614,7,5.15625,2,51,6,0,0,1
34,7,true,,40,20,16,2,0.35,2,0.45,1,4.08236399999987,36,1,20.11111111111111,0.3601108033240997,11,5.027777777777778,1,91,5,0,0,0
34,8,true,,40,20,16,2,0.35,2,0.45,1,5.520782999999938,43,1,16.930232558139537,0.3953168044077135,11,6.325581395348837,1,102,6,0,0,1
34,9,true,,40,20,16,2,0.35,2,0.45,1,4.149892000000364,37,1,19.89189189189189,0.3923705722070845,7,5.378378378378378,3,90,3,0,0,1
34,10,true,,40,20,16,2,0.35,2,0.45,1,3.9363929999999527,28,1,25.857142857142858,0.37950138504155123,8,3.75,1,77,3,0,0,0
34,11,true,,40,20,16,2,0.35,2,0.45,1,4.031041000000187,37,1,19.027027027027028,0.3575498575498576,10,4.1891891891891895,1,105,4,0,0,0
34,12,true,,40,20,16,2,0.35,2,0.45,1,4.397511999999551,34,1,21.176470588235293,0.3607242339832869,7,7.294117647058823,1,75,5,0,0,0
