name,frame,angle,dilation,regions,pathCells,fill,segments,failure
apple,square-78,0,1,1,3708,0.6095,243,""
apple,square-78,0,2,1,3428,0.5634,227,""
apple,square-78,15,1,1,2424,0.3984,148,""
apple,square-78,15,2,1,2208,0.3629,142,""
apple,square-78,30,1,1,1940,0.3189,132,""
apple,square-78,30,2,1,1704,0.2801,121,""
apple,square-78,45,1,1,1804,0.2965,126,""
apple,square-78,45,2,1,1596,0.2623,116,""
apple,square-78,60,1,1,1940,0.3189,122,""
apple,square-78,60,2,1,1704,0.2801,121,""
apple,square-78,75,1,1,2420,0.3978,141,""
apple,square-78,75,2,1,2208,0.3629,150,""
apple,square-78,90,1,1,3708,0.6095,236,""
apple,square-78,90,2,1,3428,0.5634,225,""
apple,square-78,105,1,1,2424,0.3984,179,""
apple,square-78,105,2,1,2208,0.3629,159,""
apple,square-78,120,1,1,1940,0.3189,125,""
apple,square-78,120,2,1,1704,0.2801,130,""
apple,square-78,135,1,1,1804,0.2965,116,""
apple,square-78,135,2,1,1596,0.2623,100,""
apple,square-78,150,1,1,1940,0.3189,140,""
apple,square-78,150,2,1,1704,0.2801,114,""
apple,square-78,165,1,1,2420,0.3978,154,""
apple,square-78,165,2,1,2208,0.3629,147,""
apple,square-60,0,1,1,2120,0.5889,156,""
apple,square-60,0,2,1,1892,0.5256,121,""
apple,square-60,15,1,1,1372,0.3811,90,""
apple,square-60,15,2,1,1196,0.3322,83,""
apple,square-60,30,1,1,1084,0.3011,75,""
apple,square-60,30,2,1,920,0.2556,60,""
apple,square-60,45,1,1,1012,0.2811,71,""
apple,square-60,45,2,1,892,0.2478,69,""
apple,square-60,60,1,1,1084,0.3011,71,""
apple,square-60,60,2,1,920,0.2556,62,""
apple,square-60,75,1,1,1372,0.3811,103,""
apple,square-60,75,2,1,1200,0.3333,87,""
apple,square-60,90,1,1,2120,0.5889,157,""
apple,square-60,90,2,1,1892,0.5256,115,""
apple,square-60,105,1,1,1372,0.3811,80,""
apple,square-60,105,2,1,1196,0.3322,80,""
apple,square-60,120,1,1,1084,0.3011,74,""
apple,square-60,120,2,1,920,0.2556,57,""
apple,square-60,135,1,1,1012,0.2811,80,""
apple,square-60,135,2,1,892,0.2478,51,""
apple,square-60,150,1,1,1084,0.3011,71,""
apple,square-60,150,2,1,920,0.2556,74,""
apple,square-60,165,1,1,1372,0.3811,108,""
apple,square-60,165,2,1,1200,0.3333,86,""
apple,portrait-72x120,0,1,1,3144,0.3639,215,""
apple,portrait-72x120,0,2,1,2896,0.3352,198,""
apple,portrait-72x120,15,1,1,2048,0.2370,118,""
apple,portrait-72x120,15,2,1,1840,0.2130,124,""
apple,portrait-72x120,30,1,1,1628,0.1884,118,""
apple,portrait-72x120,30,2,1,1444,0.1671,96,""
apple,portrait-72x120,45,1,1,1512,0.1750,107,""
apple,portrait-72x120,45,2,1,1324,0.1532,89,""
apple,portrait-72x120,60,1,1,1624,0.1880,110,""
apple,portrait-72x120,60,2,1,1444,0.1671,103,""
apple,portrait-72x120,75,1,1,2048,0.2370,146,""
apple,portrait-72x120,75,2,1,1840,0.2130,111,""
apple,portrait-72x120,90,1,1,3144,0.3639,213,""
apple,portrait-72x120,90,2,1,2896,0.3352,170,""
apple,portrait-72x120,105,1,1,2048,0.2370,152,""
apple,portrait-72x120,105,2,1,1840,0.2130,134,""
apple,portrait-72x120,120,1,1,1628,0.1884,108,""
apple,portrait-72x120,120,2,1,1444,0.1671,82,""
apple,portrait-72x120,135,1,1,1512,0.1750,108,""
apple,portrait-72x120,135,2,1,1324,0.1532,101,""
apple,portrait-72x120,150,1,1,1624,0.1880,111,""
apple,portrait-72x120,150,2,1,1444,0.1671,83,""
apple,portrait-72x120,165,1,1,2048,0.2370,144,""
apple,portrait-72x120,165,2,1,1840,0.2130,124,""
apple,portrait-60x100,0,1,1,2120,0.3533,156,""
apple,portrait-60x100,0,2,1,1892,0.3153,121,""
apple,portrait-60x100,15,1,1,1372,0.2287,90,""
apple,portrait-60x100,15,2,1,1196,0.1993,83,""
apple,portrait-60x100,30,1,1,1084,0.1807,75,""
apple,portrait-60x100,30,2,1,920,0.1533,60,""
apple,portrait-60x100,45,1,1,1012,0.1687,71,""
apple,portrait-60x100,45,2,1,892,0.1487,69,""
apple,portrait-60x100,60,1,1,1084,0.1807,71,""
apple,portrait-60x100,60,2,1,920,0.1533,62,""
apple,portrait-60x100,75,1,1,1372,0.2287,103,""
apple,portrait-60x100,75,2,1,1200,0.2000,87,""
apple,portrait-60x100,90,1,1,2120,0.3533,157,""
apple,portrait-60x100,90,2,1,1892,0.3153,115,""
apple,portrait-60x100,105,1,1,1372,0.2287,80,""
apple,portrait-60x100,105,2,1,1196,0.1993,80,""
apple,portrait-60x100,120,1,1,1084,0.1807,74,""
apple,portrait-60x100,120,2,1,920,0.1533,57,""
apple,portrait-60x100,135,1,1,1012,0.1687,80,""
apple,portrait-60x100,135,2,1,892,0.1487,51,""
apple,portrait-60x100,150,1,1,1084,0.1807,71,""
apple,portrait-60x100,150,2,1,920,0.1533,74,""
apple,portrait-60x100,165,1,1,1372,0.2287,108,""
apple,portrait-60x100,165,2,1,1200,0.2000,86,""
apple,portrait-52x92,0,1,1,1560,0.3261,126,""
apple,portrait-52x92,0,2,1,1352,0.2826,97,""
apple,portrait-52x92,15,1,1,992,0.2074,75,""
apple,portrait-52x92,15,2,1,872,0.1823,55,""
apple,portrait-52x92,30,1,1,788,0.1647,49,""
apple,portrait-52x92,30,2,1,660,0.1380,50,""
apple,portrait-52x92,45,1,1,760,0.1589,47,""
apple,portrait-52x92,45,2,1,596,0.1246,36,""
apple,portrait-52x92,60,1,1,784,0.1639,55,""
apple,portrait-52x92,60,2,1,660,0.1380,38,""
apple,portrait-52x92,75,1,1,992,0.2074,74,""
apple,portrait-52x92,75,2,1,872,0.1823,58,""
apple,portrait-52x92,90,1,1,1560,0.3261,86,""
apple,portrait-52x92,90,2,1,1352,0.2826,91,""
apple,portrait-52x92,105,1,1,992,0.2074,56,""
apple,portrait-52x92,105,2,1,872,0.1823,69,""
apple,portrait-52x92,120,1,1,788,0.1647,66,""
apple,portrait-52x92,120,2,1,660,0.1380,36,""
apple,portrait-52x92,135,1,1,760,0.1589,51,""
apple,portrait-52x92,135,2,1,596,0.1246,44,""
apple,portrait-52x92,150,1,1,784,0.1639,48,""
apple,portrait-52x92,150,2,1,660,0.1380,27,""
apple,portrait-52x92,165,1,1,992,0.2074,82,""
apple,portrait-52x92,165,2,1,872,0.1823,62,""
banana,square-78,0,1,2,1516,0.2492,88,""
banana,square-78,0,2,2,1196,0.1966,75,""
banana,square-78,15,1,2,968,0.1591,61,""
banana,square-78,15,2,2,708,0.1164,43,""
banana,square-78,30,1,2,756,0.1243,52,""
banana,square-78,30,2,2,548,0.0901,38,""
banana,square-78,45,1,2,680,0.1118,45,""
banana,square-78,45,2,2,484,0.0796,32,""
banana,square-78,60,1,2,736,0.1210,46,""
banana,square-78,60,2,2,512,0.0842,39,""
banana,square-78,75,1,2,952,0.1565,63,""
banana,square-78,75,2,2,704,0.1157,40,""
banana,square-78,90,1,2,1516,0.2492,89,""
banana,square-78,90,2,2,1196,0.1966,86,""
banana,square-78,105,1,2,968,0.1591,63,""
banana,square-78,105,2,2,708,0.1164,51,""
banana,square-78,120,1,2,756,0.1243,44,""
banana,square-78,120,2,2,548,0.0901,49,""
banana,square-78,135,1,2,680,0.1118,39,""
banana,square-78,135,2,2,484,0.0796,27,""
banana,square-78,150,1,2,736,0.1210,48,""
banana,square-78,150,2,2,512,0.0842,30,""
banana,square-78,165,1,2,952,0.1565,64,""
banana,square-78,165,2,2,704,0.1157,38,""
banana,square-60,0,1,2,856,0.2378,57,""
banana,square-60,0,2,2,576,0.1600,36,""
banana,square-60,15,1,2,512,0.1422,39,""
banana,square-60,15,2,2,312,0.0867,29,""
banana,square-60,30,1,2,400,0.1111,32,""
banana,square-60,30,2,2,236,0.0656,22,""
banana,square-60,45,1,2,368,0.1022,28,""
banana,square-60,45,2,2,176,0.0489,19,""
banana,square-60,60,1,2,396,0.1100,21,""
banana,square-60,60,2,2,204,0.0567,13,""
banana,square-60,75,1,2,488,0.1356,44,""
banana,square-60,75,2,2,308,0.0856,26,""
banana,square-60,90,1,2,856,0.2378,53,""
banana,square-60,90,2,2,576,0.1600,41,""
banana,square-60,105,1,2,512,0.1422,31,""
banana,square-60,105,2,2,312,0.0867,9,""
banana,square-60,120,1,2,400,0.1111,24,""
banana,square-60,120,2,2,236,0.0656,14,""
banana,square-60,135,1,2,368,0.1022,27,""
banana,square-60,135,2,2,176,0.0489,12,""
banana,square-60,150,1,2,396,0.1100,25,""
banana,square-60,150,2,2,204,0.0567,12,""
banana,square-60,165,1,2,488,0.1356,45,""
banana,square-60,165,2,2,308,0.0856,16,""
banana,portrait-72x120,0,1,2,1284,0.1486,94,""
banana,portrait-72x120,0,2,2,980,0.1134,82,""
banana,portrait-72x120,15,1,2,824,0.0954,54,""
banana,portrait-72x120,15,2,2,540,0.0625,34,""
banana,portrait-72x120,30,1,2,628,0.0727,40,""
banana,portrait-72x120,30,2,2,400,0.0463,25,""
banana,portrait-72x120,45,1,2,596,0.0690,58,""
banana,portrait-72x120,45,2,2,376,0.0435,19,""
banana,portrait-72x120,60,1,2,592,0.0685,55,""
banana,portrait-72x120,60,2,2,392,0.0454,34,""
banana,portrait-72x120,75,1,2,788,0.0912,61,""
banana,portrait-72x120,75,2,2,572,0.0662,41,""
banana,portrait-72x120,90,1,2,1284,0.1486,78,""
banana,portrait-72x120,90,2,2,980,0.1134,70,""
banana,portrait-72x120,105,1,2,824,0.0954,67,""
banana,portrait-72x120,105,2,2,540,0.0625,42,""
banana,portrait-72x120,120,1,2,628,0.0727,34,""
banana,portrait-72x120,120,2,2,400,0.0463,24,""
banana,portrait-72x120,135,1,2,596,0.0690,45,""
banana,portrait-72x120,135,2,2,376,0.0435,23,""
banana,portrait-72x120,150,1,2,592,0.0685,45,""
banana,portrait-72x120,150,2,2,392,0.0454,24,""
banana,portrait-72x120,165,1,2,788,0.0912,64,""
banana,portrait-72x120,165,2,2,572,0.0662,29,""
banana,portrait-60x100,0,1,2,856,0.1427,57,""
banana,portrait-60x100,0,2,2,576,0.0960,36,""
banana,portrait-60x100,15,1,2,512,0.0853,39,""
banana,portrait-60x100,15,2,2,312,0.0520,29,""
banana,portrait-60x100,30,1,2,400,0.0667,32,""
banana,portrait-60x100,30,2,2,236,0.0393,22,""
banana,portrait-60x100,45,1,2,368,0.0613,28,""
banana,portrait-60x100,45,2,2,176,0.0293,19,""
banana,portrait-60x100,60,1,2,396,0.0660,21,""
banana,portrait-60x100,60,2,2,204,0.0340,13,""
banana,portrait-60x100,75,1,2,488,0.0813,44,""
banana,portrait-60x100,75,2,2,308,0.0513,26,""
banana,portrait-60x100,90,1,2,856,0.1427,53,""
banana,portrait-60x100,90,2,2,576,0.0960,41,""
banana,portrait-60x100,105,1,2,512,0.0853,31,""
banana,portrait-60x100,105,2,2,312,0.0520,9,""
banana,portrait-60x100,120,1,2,400,0.0667,24,""
banana,portrait-60x100,120,2,2,236,0.0393,14,""
banana,portrait-60x100,135,1,2,368,0.0613,27,""
banana,portrait-60x100,135,2,2,176,0.0293,12,""
banana,portrait-60x100,150,1,2,396,0.0660,25,""
banana,portrait-60x100,150,2,2,204,0.0340,12,""
banana,portrait-60x100,165,1,2,488,0.0813,45,""
banana,portrait-60x100,165,2,2,308,0.0513,16,""
banana,portrait-52x92,0,1,2,600,0.1254,48,""
banana,portrait-52x92,0,2,2,356,0.0744,28,""
banana,portrait-52x92,15,1,2,368,0.0769,17,""
banana,portrait-52x92,15,2,2,168,0.0351,11,""
banana,portrait-52x92,30,1,2,256,0.0535,16,""
banana,portrait-52x92,30,2,2,116,0.0242,10,""
banana,portrait-52x92,45,1,2,252,0.0527,12,""
banana,portrait-52x92,45,2,2,84,0.0176,6,""
banana,portrait-52x92,60,1,2,268,0.0560,12,""
banana,portrait-52x92,60,2,2,120,0.0251,8,""
banana,portrait-52x92,75,1,2,348,0.0727,18,""
banana,portrait-52x92,75,2,2,172,0.0360,10,""
banana,portrait-52x92,90,1,2,600,0.1254,35,""
banana,portrait-52x92,90,2,2,356,0.0744,23,""
banana,portrait-52x92,105,1,2,368,0.0769,35,""
banana,portrait-52x92,105,2,2,168,0.0351,13,""
banana,portrait-52x92,120,1,2,256,0.0535,18,""
banana,portrait-52x92,120,2,2,116,0.0242,11,""
banana,portrait-52x92,135,1,2,252,0.0527,12,""
banana,portrait-52x92,135,2,2,84,0.0176,7,""
banana,portrait-52x92,150,1,2,268,0.0560,17,""
banana,portrait-52x92,150,2,2,120,0.0251,9,""
banana,portrait-52x92,165,1,2,348,0.0727,18,""
banana,portrait-52x92,165,2,2,172,0.0360,12,""
bike,square-78,0,1,2,876,0.1440,51,""
bike,square-78,0,2,2,672,0.1105,56,""
bike,square-78,15,1,2,568,0.0934,34,""
bike,square-78,15,2,2,448,0.0736,25,""
bike,square-78,30,1,2,480,0.0789,32,""
bike,square-78,30,2,2,348,0.0572,22,""
bike,square-78,45,1,2,464,0.0763,31,""
bike,square-78,45,2,2,336,0.0552,24,""
bike,square-78,60,1,2,480,0.0789,33,""
bike,square-78,60,2,2,348,0.0572,26,""
bike,square-78,75,1,2,568,0.0934,34,""
bike,square-78,75,2,2,448,0.0736,26,""
bike,square-78,90,1,2,876,0.1440,58,""
bike,square-78,90,2,2,672,0.1105,37,""
bike,square-78,105,1,2,568,0.0934,37,""
bike,square-78,105,2,2,448,0.0736,26,""
bike,square-78,120,1,2,480,0.0789,27,""
bike,square-78,120,2,2,348,0.0572,21,""
bike,square-78,135,1,2,464,0.0763,28,""
bike,square-78,135,2,2,336,0.0552,21,""
bike,square-78,150,1,2,480,0.0789,36,""
bike,square-78,150,2,2,348,0.0572,21,""
bike,square-78,165,1,2,568,0.0934,43,""
bike,square-78,165,2,2,448,0.0736,34,""
bike,square-60,0,1,2,480,0.1333,33,""
bike,square-60,0,2,2,344,0.0956,17,""
bike,square-60,15,1,2,312,0.0867,20,""
bike,square-60,15,2,2,216,0.0600,13,""
bike,square-60,30,1,2,284,0.0789,26,""
bike,square-60,30,2,2,164,0.0456,9,""
bike,square-60,45,1,2,256,0.0711,18,""
bike,square-60,45,2,3,212,0.0589,13,""
bike,square-60,60,1,2,284,0.0789,23,""
bike,square-60,60,2,4,204,0.0567,20,""
bike,square-60,75,1,2,312,0.0867,18,""
bike,square-60,75,2,2,216,0.0600,15,""
bike,square-60,90,1,2,480,0.1333,36,""
bike,square-60,90,2,2,344,0.0956,22,""
bike,square-60,105,1,2,312,0.0867,14,""
bike,square-60,105,2,2,216,0.0600,9,""
bike,square-60,120,1,2,284,0.0789,20,""
bike,square-60,120,2,2,164,0.0456,10,""
bike,square-60,135,1,2,256,0.0711,17,""
bike,square-60,135,2,3,212,0.0589,14,""
bike,square-60,150,1,2,284,0.0789,13,""
bike,square-60,150,2,4,204,0.0567,17,""
bike,square-60,165,1,2,312,0.0867,23,""
bike,square-60,165,2,2,216,0.0600,14,""
bike,portrait-72x120,0,1,2,744,0.0861,50,""
bike,portrait-72x120,0,2,2,544,0.0630,35,""
bike,portrait-72x120,15,1,2,496,0.0574,29,""
bike,portrait-72x120,15,2,2,344,0.0398,21,""
bike,portrait-72x120,30,1,2,404,0.0468,27,""
bike,portrait-72x120,30,2,2,268,0.0310,18,""
bike,portrait-72x120,45,1,2,400,0.0463,26,""
bike,portrait-72x120,45,2,2,264,0.0306,18,""
bike,portrait-72x120,60,1,2,452,0.0523,29,""
bike,portrait-72x120,60,2,2,304,0.0352,29,""
bike,portrait-72x120,75,1,2,604,0.0699,50,""
bike,portrait-72x120,75,2,2,452,0.0523,26,""
bike,portrait-72x120,90,1,2,1028,0.1190,81,""
bike,portrait-72x120,90,2,2,824,0.0954,65,""
bike,portrait-72x120,105,1,2,600,0.0694,40,""
bike,portrait-72x120,105,2,2,452,0.0523,31,""
bike,portrait-72x120,120,1,2,452,0.0523,27,""
bike,portrait-72x120,120,2,2,304,0.0352,17,""
bike,portrait-72x120,135,1,2,400,0.0463,27,""
bike,portrait-72x120,135,2,2,264,0.0306,15,""
bike,portrait-72x120,150,1,2,404,0.0468,26,""
bike,portrait-72x120,150,2,2,268,0.0310,13,""
bike,portrait-72x120,165,1,2,496,0.0574,30,""
bike,portrait-72x120,165,2,2,344,0.0398,29,""
bike,portrait-60x100,0,1,2,480,0.0800,33,""
bike,portrait-60x100,0,2,2,344,0.0573,17,""
bike,portrait-60x100,15,1,2,312,0.0520,20,""
bike,portrait-60x100,15,2,2,216,0.0360,13,""
bike,portrait-60x100,30,1,2,284,0.0473,26,""
bike,portrait-60x100,30,2,2,164,0.0273,9,""
bike,portrait-60x100,45,1,2,256,0.0427,18,""
bike,portrait-60x100,45,2,3,212,0.0353,13,""
bike,portrait-60x100,60,1,2,288,0.0480,21,""
bike,portrait-60x100,60,2,3,248,0.0413,17,""
bike,portrait-60x100,75,1,2,400,0.0667,27,""
bike,portrait-60x100,75,2,2,284,0.0473,19,""
bike,portrait-60x100,90,1,2,664,0.1107,44,""
bike,portrait-60x100,90,2,2,512,0.0853,40,""
bike,portrait-60x100,105,1,2,400,0.0667,21,""
bike,portrait-60x100,105,2,2,284,0.0473,26,""
bike,portrait-60x100,120,1,2,288,0.0480,21,""
bike,portrait-60x100,120,2,2,176,0.0293,10,""
bike,portrait-60x100,135,1,2,256,0.0427,17,""
bike,portrait-60x100,135,2,3,212,0.0353,14,""
bike,portrait-60x100,150,1,2,284,0.0473,13,""
bike,portrait-60x100,150,2,4,204,0.0340,17,""
bike,portrait-60x100,165,1,2,312,0.0520,23,""
bike,portrait-60x100,165,2,2,216,0.0360,14,""
bike,portrait-52x92,0,1,2,344,0.0719,24,""
bike,portrait-52x92,0,2,2,224,0.0468,14,""
bike,portrait-52x92,15,1,2,224,0.0468,12,""
bike,portrait-52x92,15,2,2,132,0.0276,9,""
bike,portrait-52x92,30,1,2,184,0.0385,12,""
bike,portrait-52x92,30,2,3,116,0.0242,7,""
bike,portrait-52x92,45,1,2,176,0.0368,14,""
bike,portrait-52x92,45,2,2,96,0.0201,9,""
bike,portrait-52x92,60,1,2,212,0.0443,15,""
bike,portrait-52x92,60,2,3,124,0.0259,7,""
bike,portrait-52x92,75,1,2,288,0.0602,23,""
bike,portrait-52x92,75,2,2,168,0.0351,13,""
bike,portrait-52x92,90,1,2,496,0.1037,30,""
bike,portrait-52x92,90,2,2,336,0.0702,25,""
bike,portrait-52x92,105,1,2,288,0.0602,18,""
bike,portrait-52x92,105,2,2,172,0.0360,12,""
bike,portrait-52x92,120,1,2,212,0.0443,11,""
bike,portrait-52x92,120,2,2,112,0.0234,9,""
bike,portrait-52x92,135,1,2,176,0.0368,7,""
bike,portrait-52x92,135,2,2,96,0.0201,8,""
bike,portrait-52x92,150,1,2,184,0.0385,12,""
bike,portrait-52x92,150,2,3,116,0.0242,11,""
bike,portrait-52x92,165,1,2,224,0.0468,12,""
bike,portrait-52x92,165,2,2,136,0.0284,7,""
bird,square-78,0,1,2,1748,0.2873,113,""
bird,square-78,0,2,2,1424,0.2341,89,""
bird,square-78,15,1,2,1144,0.1880,71,""
bird,square-78,15,2,2,884,0.1453,75,""
bird,square-78,30,1,2,940,0.1545,56,""
bird,square-78,30,2,2,692,0.1137,47,""
bird,square-78,45,1,2,868,0.1427,55,""
bird,square-78,45,2,2,644,0.1059,38,""
bird,square-78,60,1,2,952,0.1565,58,""
bird,square-78,60,2,2,712,0.1170,53,""
bird,square-78,75,1,2,1140,0.1874,78,""
bird,square-78,75,2,2,900,0.1479,65,""
bird,square-78,90,1,2,1748,0.2873,126,""
bird,square-78,90,2,2,1424,0.2341,86,""
bird,square-78,105,1,2,1144,0.1880,64,""
bird,square-78,105,2,2,884,0.1453,62,""
bird,square-78,120,1,2,940,0.1545,63,""
bird,square-78,120,2,2,692,0.1137,45,""
bird,square-78,135,1,2,868,0.1427,58,""
bird,square-78,135,2,2,644,0.1059,42,""
bird,square-78,150,1,2,952,0.1565,53,""
bird,square-78,150,2,2,712,0.1170,52,""
bird,square-78,165,1,2,1140,0.1874,80,""
bird,square-78,165,2,2,900,0.1479,57,""
bird,square-60,0,1,2,960,0.2667,61,""
bird,square-60,0,2,2,712,0.1978,46,""
bird,square-60,15,1,2,652,0.1811,48,""
bird,square-60,15,2,2,404,0.1122,23,""
bird,square-60,30,1,2,492,0.1367,27,""
bird,square-60,30,2,2,276,0.0767,18,""
bird,square-60,45,1,2,468,0.1300,27,""
bird,square-60,45,2,2,300,0.0833,24,""
bird,square-60,60,1,2,512,0.1422,34,""
bird,square-60,60,2,2,280,0.0778,18,""
bird,square-60,75,1,2,616,0.1711,35,""
bird,square-60,75,2,2,432,0.1200,23,""
bird,square-60,90,1,2,960,0.2667,64,""
bird,square-60,90,2,2,712,0.1978,50,""
bird,square-60,105,1,2,652,0.1811,47,""
bird,square-60,105,2,2,404,0.1122,30,""
bird,square-60,120,1,2,492,0.1367,31,""
bird,square-60,120,2,2,276,0.0767,14,""
bird,square-60,135,1,2,468,0.1300,30,""
bird,square-60,135,2,2,300,0.0833,22,""
bird,square-60,150,1,2,512,0.1422,34,""
bird,square-60,150,2,2,280,0.0778,21,""
bird,square-60,165,1,2,616,0.1711,44,""
bird,square-60,165,2,2,432,0.1200,36,""
bird,portrait-72x120,0,1,2,1452,0.1681,86,""
bird,portrait-72x120,0,2,2,1128,0.1306,62,""
bird,portrait-72x120,15,1,2,988,0.1144,72,""
bird,portrait-72x120,15,2,2,708,0.0819,59,""
bird,portrait-72x120,30,1,2,784,0.0907,69,""
bird,portrait-72x120,30,2,2,560,0.0648,30,""
bird,portrait-72x120,45,1,2,732,0.0847,51,""
bird,portrait-72x120,45,2,2,532,0.0616,36,""
bird,portrait-72x120,60,1,2,832,0.0963,67,""
bird,portrait-72x120,60,2,2,616,0.0713,28,""
bird,portrait-72x120,75,1,2,1124,0.1301,73,""
bird,portrait-72x120,75,2,2,852,0.0986,59,""
bird,portrait-72x120,90,1,2,1852,0.2144,134,""
bird,portrait-72x120,90,2,2,1484,0.1718,79,""
bird,portrait-72x120,105,1,2,1128,0.1306,83,""
bird,portrait-72x120,105,2,2,852,0.0986,59,""
bird,portrait-72x120,120,1,2,844,0.0977,57,""
bird,portrait-72x120,120,2,2,604,0.0699,32,""
bird,portrait-72x120,135,1,2,732,0.0847,54,""
bird,portrait-72x120,135,2,2,532,0.0616,38,""
bird,portrait-72x120,150,1,2,784,0.0907,49,""
bird,portrait-72x120,150,2,2,580,0.0671,39,""
bird,portrait-72x120,165,1,2,976,0.1130,79,""
bird,portrait-72x120,165,2,2,704,0.0815,50,""
bird,portrait-60x100,0,1,2,960,0.1600,61,""
bird,portrait-60x100,0,2,2,712,0.1187,46,""
bird,portrait-60x100,15,1,2,652,0.1087,48,""
bird,portrait-60x100,15,2,2,404,0.0673,23,""
bird,portrait-60x100,30,1,2,492,0.0820,27,""
bird,portrait-60x100,30,2,2,276,0.0460,18,""
bird,portrait-60x100,45,1,2,468,0.0780,27,""
bird,portrait-60x100,45,2,2,300,0.0500,24,""
bird,portrait-60x100,60,1,2,552,0.0920,35,""
bird,portrait-60x100,60,2,2,340,0.0567,25,""
bird,portrait-60x100,75,1,2,736,0.1227,49,""
bird,portrait-60x100,75,2,2,488,0.0813,44,""
bird,portrait-60x100,90,1,2,1216,0.2027,74,""
bird,portrait-60x100,90,2,2,932,0.1553,70,""
bird,portrait-60x100,105,1,2,728,0.1213,68,""
bird,portrait-60x100,105,2,2,524,0.0873,36,""
bird,portrait-60x100,120,1,2,532,0.0887,33,""
bird,portrait-60x100,120,2,2,308,0.0513,17,""
bird,portrait-60x100,135,1,2,468,0.0780,30,""
bird,portrait-60x100,135,2,2,300,0.0500,22,""
bird,portrait-60x100,150,1,2,512,0.0853,34,""
bird,portrait-60x100,150,2,2,280,0.0467,21,""
bird,portrait-60x100,165,1,2,616,0.1027,44,""
bird,portrait-60x100,165,2,2,432,0.0720,36,""
bird,portrait-52x92,0,1,2,684,0.1430,49,""
bird,portrait-52x92,0,2,2,472,0.0987,20,""
bird,portrait-52x92,15,1,2,444,0.0928,27,""
bird,portrait-52x92,15,2,2,236,0.0493,13,""
bird,portrait-52x92,30,1,2,320,0.0669,18,""
bird,portrait-52x92,30,2,2,140,0.0293,8,""
bird,portrait-52x92,45,1,2,336,0.0702,20,""
bird,portrait-52x92,45,2,2,148,0.0309,12,""
bird,portrait-52x92,60,1,2,364,0.0761,37,""
bird,portrait-52x92,60,2,2,160,0.0334,9,""
bird,portrait-52x92,75,1,2,504,0.1054,29,""
bird,portrait-52x92,75,2,2,336,0.0702,23,""
bird,portrait-52x92,90,1,2,900,0.1881,57,""
bird,portrait-52x92,90,2,2,648,0.1355,45,""
bird,portrait-52x92,105,1,2,504,0.1054,29,""
bird,portrait-52x92,105,2,2,292,0.0610,17,""
bird,portrait-52x92,120,1,2,384,0.0803,21,""
bird,portrait-52x92,120,2,2,148,0.0309,11,""
bird,portrait-52x92,135,1,2,336,0.0702,16,""
bird,portrait-52x92,135,2,2,148,0.0309,12,""
bird,portrait-52x92,150,1,2,360,0.0753,24,""
bird,portrait-52x92,150,2,2,208,0.0435,10,""
bird,portrait-52x92,165,1,2,456,0.0953,25,""
bird,portrait-52x92,165,2,2,248,0.0518,22,""
car,square-78,0,1,3,2096,0.3445,141,""
car,square-78,0,2,3,1768,0.2906,168,""
car,square-78,15,1,3,1636,0.2689,125,""
car,square-78,15,2,3,1328,0.2183,84,""
car,square-78,30,1,3,1492,0.2452,96,""
car,square-78,30,2,3,1184,0.1946,70,""
car,square-78,45,1,3,1604,0.2636,110,""
car,square-78,45,2,3,1336,0.2196,92,""
car,square-78,60,1,3,1484,0.2439,89,""
car,square-78,60,2,3,1204,0.1979,71,""
car,square-78,75,1,3,1656,0.2722,111,""
car,square-78,75,2,3,1348,0.2216,89,""
car,square-78,90,1,3,2096,0.3445,146,""
car,square-78,90,2,3,1768,0.2906,119,""
car,square-78,105,1,3,1636,0.2689,130,""
car,square-78,105,2,3,1328,0.2183,86,""
car,square-78,120,1,3,1492,0.2452,111,""
car,square-78,120,2,3,1184,0.1946,72,""
car,square-78,135,1,3,1604,0.2636,117,""
car,square-78,135,2,3,1336,0.2196,106,""
car,square-78,150,1,3,1484,0.2439,105,""
car,square-78,150,2,3,1204,0.1979,100,""
car,square-78,165,1,3,1656,0.2722,96,""
car,square-78,165,2,3,1348,0.2216,109,""
car,square-60,0,1,3,1164,0.3233,75,""
car,square-60,0,2,3,948,0.2633,70,""
car,square-60,15,1,3,892,0.2478,53,""
car,square-60,15,2,1,644,0.1789,48,""
car,square-60,30,1,3,816,0.2267,52,""
car,square-60,30,2,1,584,0.1622,37,""
car,square-60,45,1,3,880,0.2444,61,""
car,square-60,45,2,1,580,0.1611,41,""
car,square-60,60,1,3,812,0.2256,58,""
car,square-60,60,2,1,600,0.1667,38,""
car,square-60,75,1,3,900,0.2500,68,""
car,square-60,75,2,1,652,0.1811,46,""
car,square-60,90,1,3,1164,0.3233,76,""
car,square-60,90,2,3,948,0.2633,71,""
car,square-60,105,1,3,892,0.2478,59,""
car,square-60,105,2,1,644,0.1789,42,""
car,square-60,120,1,3,816,0.2267,60,""
car,square-60,120,2,1,584,0.1622,34,""
car,square-60,135,1,3,880,0.2444,62,""
car,square-60,135,2,1,580,0.1611,33,""
car,square-60,150,1,3,812,0.2256,43,""
car,square-60,150,2,1,600,0.1667,44,""
car,square-60,165,1,3,900,0.2500,66,""
car,square-60,165,2,1,652,0.1811,39,""
car,portrait-72x120,0,1,3,1788,0.2069,118,""
car,portrait-72x120,0,2,3,1440,0.1667,97,""
car,portrait-72x120,15,1,3,1316,0.1523,84,""
car,portrait-72x120,15,2,3,1108,0.1282,78,""
car,portrait-72x120,30,1,3,1240,0.1435,84,""
car,portrait-72x120,30,2,3,952,0.1102,52,""
car,portrait-72x120,45,1,3,1308,0.1514,99,""
car,portrait-72x120,45,2,3,1052,0.1218,78,""
car,portrait-72x120,60,1,3,1696,0.1963,117,""
car,portrait-72x120,60,2,3,1368,0.1583,89,""
car,portrait-72x120,75,1,3,2572,0.2977,165,""
car,portrait-72x120,75,2,3,2160,0.2500,140,""
car,portrait-72x120,90,1,3,5128,0.5935,354,""
car,portrait-72x120,90,2,3,4588,0.5310,304,""
car,portrait-72x120,105,1,3,2560,0.2963,169,""
car,portrait-72x120,105,2,3,2144,0.2481,142,""
car,portrait-72x120,120,1,3,1676,0.1940,116,""
car,portrait-72x120,120,2,3,1360,0.1574,102,""
car,portrait-72x120,135,1,3,1308,0.1514,71,""
car,portrait-72x120,135,2,3,1052,0.1218,75,""
car,portrait-72x120,150,1,3,1256,0.1454,83,""
car,portrait-72x120,150,2,3,956,0.1106,74,""
car,portrait-72x120,165,1,3,1324,0.1532,81,""
car,portrait-72x120,165,2,3,1132,0.1310,86,""
car,portrait-60x100,0,1,3,1164,0.1940,75,""
car,portrait-60x100,0,2,3,948,0.1580,70,""
car,portrait-60x100,15,1,3,892,0.1487,53,""
car,portrait-60x100,15,2,1,644,0.1073,48,""
car,portrait-60x100,30,1,3,816,0.1360,52,""
car,portrait-60x100,30,2,1,584,0.0973,37,""
car,portrait-60x100,45,1,3,880,0.1467,61,""
car,portrait-60x100,45,2,1,580,0.0967,41,""
car,portrait-60x100,60,1,3,1120,0.1867,65,""
car,portrait-60x100,60,2,3,864,0.1440,73,""
car,portrait-60x100,75,1,3,1684,0.2807,117,""
car,portrait-60x100,75,2,3,1408,0.2347,107,""
car,portrait-60x100,90,1,3,3512,0.5853,240,""
car,portrait-60x100,90,2,3,3052,0.5087,186,""
car,portrait-60x100,105,1,3,1700,0.2833,112,""
car,portrait-60x100,105,2,3,1384,0.2307,100,""
car,portrait-60x100,120,1,3,1108,0.1847,75,""
car,portrait-60x100,120,2,3,852,0.1420,48,""
car,portrait-60x100,135,1,3,880,0.1467,62,""
car,portrait-60x100,135,2,1,580,0.0967,33,""
car,portrait-60x100,150,1,3,812,0.1353,43,""
car,portrait-60x100,150,2,1,600,0.1000,44,""
car,portrait-60x100,165,1,3,900,0.1500,66,""
car,portrait-60x100,165,2,1,652,0.1087,39,""
car,portrait-52x92,0,1,3,856,0.1789,68,""
car,portrait-52x92,0,2,1,592,0.1237,59,""
car,portrait-52x92,15,1,3,624,0.1304,35,""
car,portrait-52x92,15,2,1,428,0.0895,23,""
car,portrait-52x92,30,1,3,580,0.1212,37,""
car,portrait-52x92,30,2,1,396,0.0828,24,""
car,portrait-52x92,45,1,3,652,0.1363,46,""
car,portrait-52x92,45,2,1,432,0.0903,21,""
car,portrait-52x92,60,1,3,796,0.1664,53,""
car,portrait-52x92,60,2,1,568,0.1187,29,""
car,portrait-52x92,75,1,3,1236,0.2584,78,""
car,portrait-52x92,75,2,3,964,0.2015,77,""
car,portrait-52x92,90,1,3,2632,0.5502,193,""
car,portrait-52x92,90,2,3,2148,0.4490,161,""
car,portrait-52x92,105,1,3,1244,0.2600,97,""
car,portrait-52x92,105,2,3,952,0.1990,53,""
car,portrait-52x92,120,1,3,780,0.1630,51,""
car,portrait-52x92,120,2,1,552,0.1154,33,""
car,portrait-52x92,135,1,3,652,0.1363,45,""
car,portrait-52x92,135,2,1,432,0.0903,26,""
car,portrait-52x92,150,1,3,584,0.1221,45,""
car,portrait-52x92,150,2,1,396,0.0828,27,""
car,portrait-52x92,165,1,3,624,0.1304,40,""
car,portrait-52x92,165,2,1,436,0.0911,31,""
carrot,square-78,0,1,3,1804,0.2965,134,""
carrot,square-78,0,2,3,1396,0.2295,91,""
carrot,square-78,15,1,3,1148,0.1887,81,""
carrot,square-78,15,2,3,800,0.1315,55,""
carrot,square-78,30,1,3,888,0.1460,57,""
carrot,square-78,30,2,3,612,0.1006,31,""
carrot,square-78,45,1,3,792,0.1302,58,""
carrot,square-78,45,2,3,524,0.0861,45,""
carrot,square-78,60,1,3,896,0.1473,60,""
carrot,square-78,60,2,3,592,0.0973,33,""
carrot,square-78,75,1,3,1144,0.1880,74,""
carrot,square-78,75,2,3,788,0.1295,54,""
carrot,square-78,90,1,3,1804,0.2965,128,""
carrot,square-78,90,2,3,1396,0.2295,76,""
carrot,square-78,105,1,3,1148,0.1887,84,""
carrot,square-78,105,2,3,800,0.1315,61,""
carrot,square-78,120,1,3,888,0.1460,60,""
carrot,square-78,120,2,3,612,0.1006,37,""
carrot,square-78,135,1,3,792,0.1302,61,""
carrot,square-78,135,2,3,524,0.0861,30,""
carrot,square-78,150,1,3,896,0.1473,62,""
carrot,square-78,150,2,3,592,0.0973,49,""
carrot,square-78,165,1,3,1144,0.1880,82,""
carrot,square-78,165,2,3,788,0.1295,53,""
carrot,square-60,0,1,3,964,0.2678,67,""
carrot,square-60,0,2,3,656,0.1822,42,""
carrot,square-60,15,1,3,580,0.1611,33,""
carrot,square-60,15,2,3,380,0.1056,25,""
carrot,square-60,30,1,3,424,0.1178,32,""
carrot,square-60,30,2,1,252,0.0700,16,""
carrot,square-60,45,1,3,380,0.1056,22,""
carrot,square-60,45,2,1,232,0.0644,12,""
carrot,square-60,60,1,3,428,0.1189,33,""
carrot,square-60,60,2,1,228,0.0633,11,""
carrot,square-60,75,1,3,580,0.1611,37,""
carrot,square-60,75,2,3,372,0.1033,21,""
carrot,square-60,90,1,3,964,0.2678,64,""
carrot,square-60,90,2,3,656,0.1822,53,""
carrot,square-60,105,1,3,580,0.1611,45,""
carrot,square-60,105,2,3,380,0.1056,22,""
carrot,square-60,120,1,3,424,0.1178,26,""
carrot,square-60,120,2,1,252,0.0700,14,""
carrot,square-60,135,1,3,380,0.1056,24,""
carrot,square-60,135,2,1,232,0.0644,15,""
carrot,square-60,150,1,3,428,0.1189,22,""
carrot,square-60,150,2,1,228,0.0633,16,""
carrot,square-60,165,1,3,580,0.1611,41,""
carrot,square-60,165,2,3,372,0.1033,27,""
carrot,portrait-72x120,0,1,3,1520,0.1759,108,""
carrot,portrait-72x120,0,2,3,1112,0.1287,73,""
carrot,portrait-72x120,15,1,3,932,0.1079,62,""
carrot,portrait-72x120,15,2,3,636,0.0736,44,""
carrot,portrait-72x120,30,1,3,704,0.0815,54,""
carrot,portrait-72x120,30,2,3,484,0.0560,25,""
carrot,portrait-72x120,45,1,3,652,0.0755,43,""
carrot,portrait-72x120,45,2,3,436,0.0505,19,""
carrot,portrait-72x120,60,1,3,696,0.0806,40,""
carrot,portrait-72x120,60,2,3,480,0.0556,29,""
carrot,portrait-72x120,75,1,3,936,0.1083,67,""
carrot,portrait-72x120,75,2,3,628,0.0727,50,""
carrot,portrait-72x120,90,1,3,1520,0.1759,112,""
carrot,portrait-72x120,90,2,3,1112,0.1287,67,""
carrot,portrait-72x120,105,1,3,932,0.1079,60,""
carrot,portrait-72x120,105,2,3,636,0.0736,40,""
carrot,portrait-72x120,120,1,3,704,0.0815,48,""
carrot,portrait-72x120,120,2,3,484,0.0560,35,""
carrot,portrait-72x120,135,1,3,652,0.0755,48,""
carrot,portrait-72x120,135,2,3,436,0.0505,25,""
carrot,portrait-72x120,150,1,3,696,0.0806,52,""
carrot,portrait-72x120,150,2,3,480,0.0556,33,""
carrot,portrait-72x120,165,1,3,936,0.1083,61,""
carrot,portrait-72x120,165,2,3,628,0.0727,39,""
carrot,portrait-60x100,0,1,3,964,0.1607,67,""
carrot,portrait-60x100,0,2,3,656,0.1093,42,""
carrot,portrait-60x100,15,1,3,580,0.0967,33,""
carrot,portrait-60x100,15,2,3,380,0.0633,25,""
carrot,portrait-60x100,30,1,3,424,0.0707,32,""
carrot,portrait-60x100,30,2,1,252,0.0420,16,""
carrot,portrait-60x100,45,1,3,380,0.0633,22,""
carrot,portrait-60x100,45,2,1,232,0.0387,12,""
carrot,portrait-60x100,60,1,3,428,0.0713,33,""
carrot,portrait-60x100,60,2,1,228,0.0380,11,""
carrot,portrait-60x100,75,1,3,580,0.0967,37,""
carrot,portrait-60x100,75,2,3,372,0.0620,21,""
carrot,portrait-60x100,90,1,3,964,0.1607,64,""
carrot,portrait-60x100,90,2,3,656,0.1093,53,""
carrot,portrait-60x100,105,1,3,580,0.0967,45,""
carrot,portrait-60x100,105,2,3,380,0.0633,22,""
carrot,portrait-60x100,120,1,3,424,0.0707,26,""
carrot,portrait-60x100,120,2,1,252,0.0420,14,""
carrot,portrait-60x100,135,1,3,380,0.0633,24,""
carrot,portrait-60x100,135,2,1,232,0.0387,15,""
carrot,portrait-60x100,150,1,3,428,0.0713,22,""
carrot,portrait-60x100,150,2,1,228,0.0380,16,""
carrot,portrait-60x100,165,1,3,580,0.0967,41,""
carrot,portrait-60x100,165,2,3,372,0.0620,27,""
carrot,portrait-52x92,0,1,3,696,0.1455,50,""
carrot,portrait-52x92,0,2,1,392,0.0819,22,""
carrot,portrait-52x92,15,1,3,436,0.0911,29,""
carrot,portrait-52x92,15,2,1,212,0.0443,19,""
carrot,portrait-52x92,30,1,3,308,0.0644,29,""
carrot,portrait-52x92,30,2,1,172,0.0360,13,""
carrot,portrait-52x92,45,1,1,260,0.0543,9,""
carrot,portrait-52x92,45,2,2,132,0.0276,8,""
carrot,portrait-52x92,60,1,3,304,0.0635,24,""
carrot,portrait-52x92,60,2,1,160,0.0334,7,""
carrot,portrait-52x92,75,1,3,428,0.0895,23,""
carrot,portrait-52x92,75,2,1,188,0.0393,9,""
carrot,portrait-52x92,90,1,3,696,0.1455,54,""
carrot,portrait-52x92,90,2,1,392,0.0819,23,""
carrot,portrait-52x92,105,1,3,436,0.0911,29,""
carrot,portrait-52x92,105,2,1,212,0.0443,24,""
carrot,portrait-52x92,120,1,3,308,0.0644,19,""
carrot,portrait-52x92,120,2,1,172,0.0360,15,""
carrot,portrait-52x92,135,1,1,260,0.0543,15,""
carrot,portrait-52x92,135,2,2,132,0.0276,7,""
carrot,portrait-52x92,150,1,3,304,0.0635,24,""
carrot,portrait-52x92,150,2,1,160,0.0334,9,""
carrot,portrait-52x92,165,1,3,428,0.0895,29,""
carrot,portrait-52x92,165,2,1,188,0.0393,15,""
cat,square-78,0,1,1,4260,0.7002,281,""
cat,square-78,0,2,1,3912,0.6430,253,""
cat,square-78,15,1,1,2816,0.4629,208,""
cat,square-78,15,2,1,2480,0.4076,172,""
cat,square-78,30,1,1,2248,0.3695,149,""
cat,square-78,30,2,1,1932,0.3176,141,""
cat,square-78,45,1,1,2092,0.3439,131,""
cat,square-78,45,2,1,1768,0.2906,127,""
cat,square-78,60,1,1,2248,0.3695,148,""
cat,square-78,60,2,1,1924,0.3162,134,""
cat,square-78,75,1,1,2808,0.4615,193,""
cat,square-78,75,2,1,2472,0.4063,171,""
cat,square-78,90,1,1,4260,0.7002,309,""
cat,square-78,90,2,1,3912,0.6430,260,""
cat,square-78,105,1,1,2816,0.4629,186,""
cat,square-78,105,2,1,2480,0.4076,168,""
cat,square-78,120,1,1,2248,0.3695,152,""
cat,square-78,120,2,1,1932,0.3176,131,""
cat,square-78,135,1,1,2092,0.3439,144,""
cat,square-78,135,2,1,1768,0.2906,127,""
cat,square-78,150,1,1,2248,0.3695,184,""
cat,square-78,150,2,1,1924,0.3162,130,""
cat,square-78,165,1,1,2808,0.4615,176,""
cat,square-78,165,2,1,2472,0.4063,155,""
cat,square-60,0,1,1,2444,0.6789,175,""
cat,square-60,0,2,1,2172,0.6033,129,""
cat,square-60,15,1,1,1588,0.4411,119,""
cat,square-60,15,2,1,1356,0.3767,90,""
cat,square-60,30,1,1,1248,0.3467,83,""
cat,square-60,30,2,1,1004,0.2789,73,""
cat,square-60,45,1,1,1176,0.3267,93,""
cat,square-60,45,2,1,952,0.2644,50,""
cat,square-60,60,1,1,1252,0.3478,77,""
cat,square-60,60,2,1,1008,0.2800,68,""
cat,square-60,75,1,1,1588,0.4411,102,""
cat,square-60,75,2,1,1368,0.3800,80,""
cat,square-60,90,1,1,2444,0.6789,159,""
cat,square-60,90,2,1,2172,0.6033,137,""
cat,square-60,105,1,1,1588,0.4411,105,""
cat,square-60,105,2,1,1356,0.3767,86,""
cat,square-60,120,1,1,1248,0.3467,74,""
cat,square-60,120,2,1,1004,0.2789,62,""
cat,square-60,135,1,1,1176,0.3267,78,""
cat,square-60,135,2,1,952,0.2644,66,""
cat,square-60,150,1,1,1252,0.3478,72,""
cat,square-60,150,2,1,1008,0.2800,58,""
cat,square-60,165,1,1,1588,0.4411,109,""
cat,square-60,165,2,1,1368,0.3800,89,""
cat,portrait-72x120,0,1,1,3684,0.4264,241,""
cat,portrait-72x120,0,2,1,3296,0.3815,218,""
cat,portrait-72x120,15,1,1,2404,0.2782,161,""
cat,portrait-72x120,15,2,1,2092,0.2421,145,""
cat,portrait-72x120,30,1,1,1904,0.2204,117,""
cat,portrait-72x120,30,2,1,1628,0.1884,111,""
cat,portrait-72x120,45,1,1,1764,0.2042,135,""
cat,portrait-72x120,45,2,1,1476,0.1708,92,""
cat,portrait-72x120,60,1,1,1884,0.2181,111,""
cat,portrait-72x120,60,2,1,1604,0.1856,111,""
cat,portrait-72x120,75,1,1,2364,0.2736,156,""
cat,portrait-72x120,75,2,1,2060,0.2384,146,""
cat,portrait-72x120,90,1,1,3596,0.4162,244,""
cat,portrait-72x120,90,2,1,3232,0.3741,188,""
cat,portrait-72x120,105,1,1,2372,0.2745,133,""
cat,portrait-72x120,105,2,1,2052,0.2375,138,""
cat,portrait-72x120,120,1,1,1896,0.2194,134,""
cat,portrait-72x120,120,2,1,1604,0.1856,103,""
cat,portrait-72x120,135,1,1,1764,0.2042,114,""
cat,portrait-72x120,135,2,1,1476,0.1708,92,""
cat,portrait-72x120,150,1,1,1900,0.2199,124,""
cat,portrait-72x120,150,2,1,1616,0.1870,115,""
cat,portrait-72x120,165,1,1,2408,0.2787,185,""
cat,portrait-72x120,165,2,1,2092,0.2421,140,""
cat,portrait-60x100,0,1,1,2488,0.4147,169,""
cat,portrait-60x100,0,2,1,2184,0.3640,145,""
cat,portrait-60x100,15,1,1,1612,0.2687,106,""
cat,portrait-60x100,15,2,1,1376,0.2293,114,""
cat,portrait-60x100,30,1,1,1252,0.2087,94,""
cat,portrait-60x100,30,2,1,1008,0.1680,57,""
cat,portrait-60x100,45,1,1,1176,0.1960,93,""
cat,portrait-60x100,45,2,1,952,0.1587,50,""
cat,portrait-60x100,60,1,1,1252,0.2087,77,""
cat,portrait-60x100,60,2,1,1008,0.1680,68,""
cat,portrait-60x100,75,1,1,1588,0.2647,102,""
cat,portrait-60x100,75,2,1,1368,0.2280,80,""
cat,portrait-60x100,90,1,1,2444,0.4073,159,""
cat,portrait-60x100,90,2,1,2172,0.3620,137,""
cat,portrait-60x100,105,1,1,1588,0.2647,105,""
cat,portrait-60x100,105,2,1,1356,0.2260,86,""
cat,portrait-60x100,120,1,1,1248,0.2080,74,""
cat,portrait-60x100,120,2,1,1004,0.1673,62,""
cat,portrait-60x100,135,1,1,1176,0.1960,78,""
cat,portrait-60x100,135,2,1,952,0.1587,66,""
cat,portrait-60x100,150,1,1,1256,0.2093,96,""
cat,portrait-60x100,150,2,1,1012,0.1687,85,""
cat,portrait-60x100,165,1,1,1612,0.2687,111,""
cat,portrait-60x100,165,2,1,1368,0.2280,89,""
cat,portrait-52x92,0,1,1,1856,0.3880,124,""
cat,portrait-52x92,0,2,1,1512,0.3161,98,""
cat,portrait-52x92,15,1,1,1168,0.2441,87,""
cat,portrait-52x92,15,2,1,924,0.1931,54,""
cat,portrait-52x92,30,1,1,928,0.1940,55,""
cat,portrait-52x92,30,2,1,704,0.1472,38,""
cat,portrait-52x92,45,1,1,880,0.1839,60,""
cat,portrait-52x92,45,2,1,616,0.1288,36,""
cat,portrait-52x92,60,1,1,900,0.1881,66,""
cat,portrait-52x92,60,2,1,692,0.1446,46,""
cat,portrait-52x92,75,1,1,1160,0.2425,78,""
cat,portrait-52x92,75,2,1,924,0.1931,58,""
cat,portrait-52x92,90,1,1,1808,0.3779,120,""
cat,portrait-52x92,90,2,1,1500,0.3135,99,""
cat,portrait-52x92,105,1,1,1152,0.2408,74,""
cat,portrait-52x92,105,2,1,920,0.1923,72,""
cat,portrait-52x92,120,1,1,920,0.1923,71,""
cat,portrait-52x92,120,2,1,692,0.1446,44,""
cat,portrait-52x92,135,1,1,880,0.1839,61,""
cat,portrait-52x92,135,2,1,616,0.1288,40,""
cat,portrait-52x92,150,1,1,920,0.1923,71,""
cat,portrait-52x92,150,2,1,700,0.1463,41,""
cat,portrait-52x92,165,1,1,1168,0.2441,78,""
cat,portrait-52x92,165,2,1,924,0.1931,54,""
cherry,square-78,0,1,4,2548,0.4188,163,""
cherry,square-78,0,2,4,2068,0.3399,145,""
cherry,square-78,15,1,4,1608,0.2643,112,""
cherry,square-78,15,2,4,1176,0.1933,93,""
cherry,square-78,30,1,4,1256,0.2064,90,""
cherry,square-78,30,2,4,912,0.1499,57,""
cherry,square-78,45,1,4,1160,0.1907,91,""
cherry,square-78,45,2,4,824,0.1354,49,""
cherry,square-78,60,1,4,1260,0.2071,100,""
cherry,square-78,60,2,4,916,0.1506,64,""
cherry,square-78,75,1,4,1624,0.2669,96,""
cherry,square-78,75,2,4,1188,0.1953,83,""
cherry,square-78,90,1,4,2548,0.4188,164,""
cherry,square-78,90,2,4,2068,0.3399,158,""
cherry,square-78,105,1,4,1608,0.2643,104,""
cherry,square-78,105,2,4,1176,0.1933,82,""
cherry,square-78,120,1,4,1256,0.2064,82,""
cherry,square-78,120,2,4,912,0.1499,61,""
cherry,square-78,135,1,4,1160,0.1907,91,""
cherry,square-78,135,2,4,824,0.1354,64,""
cherry,square-78,150,1,4,1260,0.2071,89,""
cherry,square-78,150,2,4,916,0.1506,51,""
cherry,square-78,165,1,4,1624,0.2669,103,""
cherry,square-78,165,2,4,1188,0.1953,87,""
cherry,square-60,0,1,4,1420,0.3944,99,""
cherry,square-60,0,2,4,1004,0.2789,80,""
cherry,square-60,15,1,4,872,0.2422,65,""
cherry,square-60,15,2,3,548,0.1522,34,""
cherry,square-60,30,1,4,668,0.1856,38,""
cherry,square-60,30,2,3,420,0.1167,31,""
cherry,square-60,45,1,4,588,0.1633,54,""
cherry,square-60,45,2,3,368,0.1022,19,""
cherry,square-60,60,1,4,676,0.1878,43,""
cherry,square-60,60,2,3,420,0.1167,23,""
cherry,square-60,75,1,4,844,0.2344,59,""
cherry,square-60,75,2,3,560,0.1556,37,""
cherry,square-60,90,1,4,1420,0.3944,92,""
cherry,square-60,90,2,4,1004,0.2789,80,""
cherry,square-60,105,1,4,872,0.2422,68,""
cherry,square-60,105,2,3,548,0.1522,27,""
cherry,square-60,120,1,4,668,0.1856,54,""
cherry,square-60,120,2,3,420,0.1167,32,""
cherry,square-60,135,1,4,588,0.1633,34,""
cherry,square-60,135,2,3,368,0.1022,25,""
cherry,square-60,150,1,4,676,0.1878,54,""
cherry,square-60,150,2,3,420,0.1167,33,""
cherry,square-60,165,1,4,844,0.2344,56,""
cherry,square-60,165,2,3,560,0.1556,31,""
cherry,portrait-72x120,0,1,4,2160,0.2500,162,""
cherry,portrait-72x120,0,2,4,1668,0.1931,102,""
cherry,portrait-72x120,15,1,4,1348,0.1560,92,""
cherry,portrait-72x120,15,2,4,1016,0.1176,78,""
cherry,portrait-72x120,30,1,4,1036,0.1199,82,""
cherry,portrait-72x120,30,2,4,724,0.0838,56,""
cherry,portrait-72x120,45,1,4,964,0.1116,67,""
cherry,portrait-72x120,45,2,4,660,0.0764,53,""
cherry,portrait-72x120,60,1,4,1024,0.1185,87,""
cherry,portrait-72x120,60,2,4,724,0.0838,52,""
cherry,portrait-72x120,75,1,4,1364,0.1579,100,""
cherry,portrait-72x120,75,2,4,992,0.1148,63,""
cherry,portrait-72x120,90,1,4,2160,0.2500,128,""
cherry,portrait-72x120,90,2,4,1668,0.1931,114,""
cherry,portrait-72x120,105,1,4,1348,0.1560,79,""
cherry,portrait-72x120,105,2,4,1016,0.1176,81,""
cherry,portrait-72x120,120,1,4,1036,0.1199,71,""
cherry,portrait-72x120,120,2,4,724,0.0838,52,""
cherry,portrait-72x120,135,1,4,964,0.1116,71,""
cherry,portrait-72x120,135,2,4,660,0.0764,49,""
cherry,portrait-72x120,150,1,4,1024,0.1185,76,""
cherry,portrait-72x120,150,2,4,724,0.0838,53,""
cherry,portrait-72x120,165,1,4,1364,0.1579,81,""
cherry,portrait-72x120,165,2,4,992,0.1148,73,""
cherry,portrait-60x100,0,1,4,1420,0.2367,99,""
cherry,portrait-60x100,0,2,4,1004,0.1673,80,""
cherry,portrait-60x100,15,1,4,872,0.1453,65,""
cherry,portrait-60x100,15,2,3,548,0.0913,34,""
cherry,portrait-60x100,30,1,4,668,0.1113,38,""
cherry,portrait-60x100,30,2,3,420,0.0700,31,""
cherry,portrait-60x100,45,1,4,588,0.0980,54,""
cherry,portrait-60x100,45,2,3,368,0.0613,19,""
cherry,portrait-60x100,60,1,4,676,0.1127,43,""
cherry,portrait-60x100,60,2,3,420,0.0700,23,""
cherry,portrait-60x100,75,1,4,844,0.1407,59,""
cherry,portrait-60x100,75,2,3,560,0.0933,37,""
cherry,portrait-60x100,90,1,4,1420,0.2367,92,""
cherry,portrait-60x100,90,2,4,1004,0.1673,80,""
cherry,portrait-60x100,105,1,4,872,0.1453,68,""
cherry,portrait-60x100,105,2,3,548,0.0913,27,""
cherry,portrait-60x100,120,1,4,668,0.1113,54,""
cherry,portrait-60x100,120,2,3,420,0.0700,32,""
cherry,portrait-60x100,135,1,4,588,0.0980,34,""
cherry,portrait-60x100,135,2,3,368,0.0613,25,""
cherry,portrait-60x100,150,1,4,676,0.1127,54,""
cherry,portrait-60x100,150,2,3,420,0.0700,33,""
cherry,portrait-60x100,165,1,4,844,0.1407,56,""
cherry,portrait-60x100,165,2,3,560,0.0933,31,""
cherry,portrait-52x92,0,1,4,992,0.2074,56,""
cherry,portrait-52x92,0,2,3,656,0.1371,59,""
cherry,portrait-52x92,15,1,4,620,0.1296,36,""
cherry,portrait-52x92,15,2,3,344,0.0719,25,""
cherry,portrait-52x92,30,1,4,456,0.0953,34,""
cherry,portrait-52x92,30,2,3,264,0.0552,12,""
cherry,portrait-52x92,45,1,4,420,0.0878,29,""
cherry,portrait-52x92,45,2,3,248,0.0518,21,""
cherry,portrait-52x92,60,1,4,460,0.0962,32,""
cherry,portrait-52x92,60,2,3,272,0.0569,20,""
cherry,portrait-52x92,75,1,4,616,0.1288,47,""
cherry,portrait-52x92,75,2,3,356,0.0744,26,""
cherry,portrait-52x92,90,1,4,992,0.2074,81,""
cherry,portrait-52x92,90,2,3,656,0.1371,42,""
cherry,portrait-52x92,105,1,4,620,0.1296,37,""
cherry,portrait-52x92,105,2,3,344,0.0719,25,""
cherry,portrait-52x92,120,1,4,456,0.0953,31,""
cherry,portrait-52x92,120,2,3,264,0.0552,13,""
cherry,portrait-52x92,135,1,4,420,0.0878,25,""
cherry,portrait-52x92,135,2,3,248,0.0518,16,""
cherry,portrait-52x92,150,1,4,460,0.0962,36,""
cherry,portrait-52x92,150,2,3,272,0.0569,22,""
cherry,portrait-52x92,165,1,4,616,0.1288,37,""
cherry,portrait-52x92,165,2,3,356,0.0744,22,""
croissant,square-78,0,1,5,2584,0.4247,170,""
croissant,square-78,0,2,5,2084,0.3425,146,""
croissant,square-78,15,1,5,1632,0.2682,105,""
croissant,square-78,15,2,5,1248,0.2051,87,""
croissant,square-78,30,1,5,1284,0.2110,97,""
croissant,square-78,30,2,5,880,0.1446,67,""
croissant,square-78,45,1,5,1164,0.1913,66,""
croissant,square-78,45,2,5,824,0.1354,49,""
croissant,square-78,60,1,5,1284,0.2110,93,""
croissant,square-78,60,2,5,872,0.1433,67,""
croissant,square-78,75,1,5,1632,0.2682,94,""
croissant,square-78,75,2,5,1248,0.2051,92,""
croissant,square-78,90,1,5,2584,0.4247,207,""
croissant,square-78,90,2,5,2084,0.3425,137,""
croissant,square-78,105,1,5,1632,0.2682,92,""
croissant,square-78,105,2,5,1248,0.2051,75,""
croissant,square-78,120,1,5,1284,0.2110,94,""
croissant,square-78,120,2,5,880,0.1446,61,""
croissant,square-78,135,1,5,1164,0.1913,84,""
croissant,square-78,135,2,5,824,0.1354,50,""
croissant,square-78,150,1,5,1284,0.2110,85,""
croissant,square-78,150,2,5,872,0.1433,57,""
croissant,square-78,165,1,5,1632,0.2682,112,""
croissant,square-78,165,2,5,1248,0.2051,90,""
croissant,square-60,0,1,5,1460,0.4056,101,""
croissant,square-60,0,2,5,1036,0.2878,74,""
croissant,square-60,15,1,5,852,0.2367,51,""
croissant,square-60,15,2,4,540,0.1500,37,""
croissant,square-60,30,1,5,652,0.1811,45,""
croissant,square-60,30,2,3,408,0.1133,22,""
croissant,square-60,45,1,5,592,0.1644,40,""
croissant,square-60,45,2,3,352,0.0978,23,""
croissant,square-60,60,1,5,640,0.1778,47,""
croissant,square-60,60,2,3,408,0.1133,39,""
croissant,square-60,75,1,5,852,0.2367,64,""
croissant,square-60,75,2,4,540,0.1500,38,""
croissant,square-60,90,1,5,1460,0.4056,89,""
croissant,square-60,90,2,5,1036,0.2878,64,""
croissant,square-60,105,1,5,852,0.2367,55,""
croissant,square-60,105,2,4,540,0.1500,33,""
croissant,square-60,120,1,5,652,0.1811,47,""
croissant,square-60,120,2,3,408,0.1133,38,""
croissant,square-60,135,1,5,592,0.1644,36,""
croissant,square-60,135,2,3,352,0.0978,31,""
croissant,square-60,150,1,5,640,0.1778,46,""
croissant,square-60,150,2,3,408,0.1133,41,""
croissant,square-60,165,1,5,852,0.2367,61,""
croissant,square-60,165,2,4,540,0.1500,32,""
croissant,portrait-72x120,0,1,5,2168,0.2509,144,""
croissant,portrait-72x120,0,2,5,1664,0.1926,121,""
croissant,portrait-72x120,15,1,5,1368,0.1583,85,""
croissant,portrait-72x120,15,2,5,988,0.1144,65,""
croissant,portrait-72x120,30,1,5,1072,0.1241,82,""
croissant,portrait-72x120,30,2,5,700,0.0810,43,""
croissant,portrait-72x120,45,1,5,1008,0.1167,78,""
croissant,portrait-72x120,45,2,3,624,0.0722,45,""
croissant,portrait-72x120,60,1,5,1064,0.1231,73,""
croissant,portrait-72x120,60,2,5,700,0.0810,31,""
croissant,portrait-72x120,75,1,5,1372,0.1588,101,""
croissant,portrait-72x120,75,2,5,988,0.1144,62,""
croissant,portrait-72x120,90,1,5,2168,0.2509,150,""
croissant,portrait-72x120,90,2,5,1664,0.1926,119,""
croissant,portrait-72x120,105,1,5,1368,0.1583,90,""
croissant,portrait-72x120,105,2,5,988,0.1144,58,""
croissant,portrait-72x120,120,1,5,1072,0.1241,67,""
croissant,portrait-72x120,120,2,5,700,0.0810,52,""
croissant,portrait-72x120,135,1,5,1008,0.1167,63,""
croissant,portrait-72x120,135,2,3,624,0.0722,46,""
croissant,portrait-72x120,150,1,5,1064,0.1231,64,""
croissant,portrait-72x120,150,2,5,700,0.0810,53,""
croissant,portrait-72x120,165,1,5,1372,0.1588,101,""
croissant,portrait-72x120,165,2,5,988,0.1144,65,""
croissant,portrait-60x100,0,1,5,1460,0.2433,101,""
croissant,portrait-60x100,0,2,5,1036,0.1727,74,""
croissant,portrait-60x100,15,1,5,852,0.1420,51,""
croissant,portrait-60x100,15,2,4,540,0.0900,37,""
croissant,portrait-60x100,30,1,5,652,0.1087,45,""
croissant,portrait-60x100,30,2,3,408,0.0680,22,""
croissant,portrait-60x100,45,1,5,592,0.0987,40,""
croissant,portrait-60x100,45,2,3,352,0.0587,23,""
croissant,portrait-60x100,60,1,5,640,0.1067,47,""
croissant,portrait-60x100,60,2,3,408,0.0680,39,""
croissant,portrait-60x100,75,1,5,852,0.1420,64,""
croissant,portrait-60x100,75,2,4,540,0.0900,38,""
croissant,portrait-60x100,90,1,5,1460,0.2433,89,""
croissant,portrait-60x100,90,2,5,1036,0.1727,64,""
croissant,portrait-60x100,105,1,5,852,0.1420,55,""
croissant,portrait-60x100,105,2,4,540,0.0900,33,""
croissant,portrait-60x100,120,1,5,652,0.1087,47,""
croissant,portrait-60x100,120,2,3,408,0.0680,38,""
croissant,portrait-60x100,135,1,5,592,0.0987,36,""
croissant,portrait-60x100,135,2,3,352,0.0587,31,""
croissant,portrait-60x100,150,1,5,640,0.1067,46,""
croissant,portrait-60x100,150,2,3,408,0.0680,41,""
croissant,portrait-60x100,165,1,5,852,0.1420,61,""
croissant,portrait-60x100,165,2,4,540,0.0900,32,""
croissant,portrait-52x92,0,1,5,992,0.2074,58,""
croissant,portrait-52x92,0,2,5,664,0.1388,38,""
croissant,portrait-52x92,15,1,5,584,0.1221,35,""
croissant,portrait-52x92,15,2,3,348,0.0727,18,""
croissant,portrait-52x92,30,1,3,420,0.0878,25,""
croissant,portrait-52x92,30,2,3,248,0.0518,14,""
croissant,portrait-52x92,45,1,3,368,0.0769,28,""
croissant,portrait-52x92,45,2,3,208,0.0435,15,""
croissant,portrait-52x92,60,1,3,420,0.0878,27,""
croissant,portrait-52x92,60,2,3,248,0.0518,16,""
croissant,portrait-52x92,75,1,5,584,0.1221,34,""
croissant,portrait-52x92,75,2,3,348,0.0727,19,""
croissant,portrait-52x92,90,1,5,992,0.2074,55,""
croissant,portrait-52x92,90,2,5,664,0.1388,41,""
croissant,portrait-52x92,105,1,5,584,0.1221,44,""
croissant,portrait-52x92,105,2,3,348,0.0727,23,""
croissant,portrait-52x92,120,1,3,420,0.0878,34,""
croissant,portrait-52x92,120,2,3,248,0.0518,17,""
croissant,portrait-52x92,135,1,3,368,0.0769,20,""
croissant,portrait-52x92,135,2,3,208,0.0435,12,""
croissant,portrait-52x92,150,1,3,420,0.0878,31,""
croissant,portrait-52x92,150,2,3,248,0.0518,11,""
croissant,portrait-52x92,165,1,5,584,0.1221,46,""
croissant,portrait-52x92,165,2,3,348,0.0727,26,""
egg,square-78,0,1,1,3196,0.5253,200,""
egg,square-78,0,2,1,2932,0.4819,209,""
egg,square-78,15,1,1,2292,0.3767,153,""
egg,square-78,15,2,1,2064,0.3393,146,""
egg,square-78,30,1,1,1948,0.3202,113,""
egg,square-78,30,2,1,1764,0.2899,136,""
egg,square-78,45,1,1,1916,0.3149,136,""
egg,square-78,45,2,1,1732,0.2847,114,""
egg,square-78,60,1,1,1948,0.3202,113,""
egg,square-78,60,2,1,1764,0.2899,124,""
egg,square-78,75,1,1,2292,0.3767,143,""
egg,square-78,75,2,1,2064,0.3393,133,""
egg,square-78,90,1,1,3196,0.5253,196,""
egg,square-78,90,2,1,2932,0.4819,186,""
egg,square-78,105,1,1,2292,0.3767,165,""
egg,square-78,105,2,1,2064,0.3393,141,""
egg,square-78,120,1,1,1948,0.3202,111,""
egg,square-78,120,2,1,1764,0.2899,123,""
egg,square-78,135,1,1,1916,0.3149,129,""
egg,square-78,135,2,1,1732,0.2847,123,""
egg,square-78,150,1,1,1948,0.3202,127,""
egg,square-78,150,2,1,1764,0.2899,106,""
egg,square-78,165,1,1,2292,0.3767,157,""
egg,square-78,165,2,1,2064,0.3393,127,""
egg,square-60,0,1,1,1864,0.5178,106,""
egg,square-60,0,2,1,1640,0.4556,104,""
egg,square-60,15,1,1,1300,0.3611,86,""
egg,square-60,15,2,1,1136,0.3156,90,""
egg,square-60,30,1,1,1104,0.3067,80,""
egg,square-60,30,2,1,964,0.2678,66,""
egg,square-60,45,1,1,1088,0.3022,77,""
egg,square-60,45,2,1,912,0.2533,70,""
egg,square-60,60,1,1,1104,0.3067,81,""
egg,square-60,60,2,1,964,0.2678,83,""
egg,square-60,75,1,1,1300,0.3611,100,""
egg,square-60,75,2,1,1136,0.3156,71,""
egg,square-60,90,1,1,1864,0.5178,125,""
egg,square-60,90,2,1,1640,0.4556,92,""
egg,square-60,105,1,1,1300,0.3611,91,""
egg,square-60,105,2,1,1136,0.3156,79,""
egg,square-60,120,1,1,1104,0.3067,75,""
egg,square-60,120,2,1,964,0.2678,70,""
egg,square-60,135,1,1,1088,0.3022,70,""
egg,square-60,135,2,1,912,0.2533,52,""
egg,square-60,150,1,1,1104,0.3067,82,""
egg,square-60,150,2,1,964,0.2678,71,""
egg,square-60,165,1,1,1300,0.3611,79,""
egg,square-60,165,2,1,1136,0.3156,83,""
egg,portrait-72x120,0,1,1,4224,0.4889,308,""
egg,portrait-72x120,0,2,1,3928,0.4546,292,""
egg,portrait-72x120,15,1,1,2508,0.2903,182,""
egg,portrait-72x120,15,2,1,2272,0.2630,137,""
egg,portrait-72x120,30,1,1,1868,0.2162,130,""
egg,portrait-72x120,30,2,1,1656,0.1917,120,""
egg,portrait-72x120,45,1,1,1648,0.1907,115,""
egg,portrait-72x120,45,2,1,1448,0.1676,107,""
egg,portrait-72x120,60,1,1,1656,0.1917,116,""
egg,portrait-72x120,60,2,1,1464,0.1694,90,""
egg,portrait-72x120,75,1,1,1952,0.2259,119,""
egg,portrait-72x120,75,2,1,1732,0.2005,110,""
egg,portrait-72x120,90,1,1,2712,0.3139,185,""
egg,portrait-72x120,90,2,1,2440,0.2824,148,""
egg,portrait-72x120,105,1,1,1952,0.2259,129,""
egg,portrait-72x120,105,2,1,1732,0.2005,121,""
egg,portrait-72x120,120,1,1,1656,0.1917,108,""
egg,portrait-72x120,120,2,1,1464,0.1694,103,""
egg,portrait-72x120,135,1,1,1648,0.1907,119,""
egg,portrait-72x120,135,2,1,1448,0.1676,97,""
egg,portrait-72x120,150,1,1,1868,0.2162,132,""
egg,portrait-72x120,150,2,1,1656,0.1917,133,""
egg,portrait-72x120,165,1,1,2508,0.2903,155,""
egg,portrait-72x120,165,2,1,2272,0.2630,171,""
egg,portrait-60x100,0,1,1,2888,0.4813,193,""
egg,portrait-60x100,0,2,1,2648,0.4413,174,""
egg,portrait-60x100,15,1,1,1704,0.2840,104,""
egg,portrait-60x100,15,2,1,1508,0.2513,91,""
egg,portrait-60x100,30,1,1,1260,0.2100,86,""
egg,portrait-60x100,30,2,1,1096,0.1827,87,""
egg,portrait-60x100,45,1,1,1088,0.1813,77,""
egg,portrait-60x100,45,2,1,912,0.1520,70,""
egg,portrait-60x100,60,1,1,1104,0.1840,81,""
egg,portrait-60x100,60,2,1,964,0.1607,83,""
egg,portrait-60x100,75,1,1,1300,0.2167,100,""
egg,portrait-60x100,75,2,1,1136,0.1893,71,""
egg,portrait-60x100,90,1,1,1864,0.3107,125,""
egg,portrait-60x100,90,2,1,1640,0.2733,92,""
egg,portrait-60x100,105,1,1,1300,0.2167,91,""
egg,portrait-60x100,105,2,1,1136,0.1893,79,""
egg,portrait-60x100,120,1,1,1104,0.1840,75,""
egg,portrait-60x100,120,2,1,964,0.1607,70,""
egg,portrait-60x100,135,1,1,1088,0.1813,70,""
egg,portrait-60x100,135,2,1,912,0.1520,52,""
egg,portrait-60x100,150,1,1,1260,0.2100,93,""
egg,portrait-60x100,150,2,1,1096,0.1827,92,""
egg,portrait-60x100,165,1,1,1704,0.2840,107,""
egg,portrait-60x100,165,2,1,1508,0.2513,108,""
egg,portrait-52x92,0,1,1,2128,0.4448,139,""
egg,portrait-52x92,0,2,1,1920,0.4013,111,""
egg,portrait-52x92,15,1,1,1256,0.2625,82,""
egg,portrait-52x92,15,2,1,1092,0.2283,63,""
egg,portrait-52x92,30,1,1,932,0.1948,73,""
egg,portrait-52x92,30,2,1,780,0.1630,48,""
egg,portrait-52x92,45,1,1,792,0.1656,41,""
egg,portrait-52x92,45,2,1,672,0.1405,46,""
egg,portrait-52x92,60,1,1,800,0.1672,55,""
egg,portrait-52x92,60,2,1,680,0.1421,45,""
egg,portrait-52x92,75,1,1,956,0.1998,67,""
egg,portrait-52x92,75,2,1,816,0.1706,47,""
egg,portrait-52x92,90,1,1,1328,0.2776,101,""
egg,portrait-52x92,90,2,1,1168,0.2441,79,""
egg,portrait-52x92,105,1,1,956,0.1998,71,""
egg,portrait-52x92,105,2,1,816,0.1706,59,""
egg,portrait-52x92,120,1,1,800,0.1672,42,""
egg,portrait-52x92,120,2,1,680,0.1421,50,""
egg,portrait-52x92,135,1,1,792,0.1656,55,""
egg,portrait-52x92,135,2,1,672,0.1405,37,""
egg,portrait-52x92,150,1,1,932,0.1948,73,""
egg,portrait-52x92,150,2,1,780,0.1630,46,""
egg,portrait-52x92,165,1,1,1256,0.2625,81,""
egg,portrait-52x92,165,2,1,1092,0.2283,84,""
fish,square-78,0,1,5,2508,0.4122,149,""
fish,square-78,0,2,5,1864,0.3064,140,""
fish,square-78,15,1,5,1624,0.2669,107,""
fish,square-78,15,2,5,1124,0.1847,77,""
fish,square-78,30,1,5,1324,0.2176,87,""
fish,square-78,30,2,5,864,0.1420,60,""
fish,square-78,45,1,5,1232,0.2025,96,""
fish,square-78,45,2,3,764,0.1256,55,""
fish,square-78,60,1,5,1328,0.2183,95,""
fish,square-78,60,2,4,852,0.1400,67,""
fish,square-78,75,1,5,1620,0.2663,114,""
fish,square-78,75,2,5,1152,0.1893,83,""
fish,square-78,90,1,5,2508,0.4122,157,""
fish,square-78,90,2,5,1864,0.3064,112,""
fish,square-78,105,1,5,1624,0.2669,107,""
fish,square-78,105,2,5,1124,0.1847,78,""
fish,square-78,120,1,5,1324,0.2176,107,""
fish,square-78,120,2,5,864,0.1420,60,""
fish,square-78,135,1,5,1232,0.2025,89,""
fish,square-78,135,2,3,764,0.1256,51,""
fish,square-78,150,1,5,1328,0.2183,98,""
fish,square-78,150,2,4,852,0.1400,50,""
fish,square-78,165,1,5,1620,0.2663,110,""
fish,square-78,165,2,5,1152,0.1893,83,""
fish,square-60,0,1,5,1332,0.3700,101,""
fish,square-60,0,2,5,876,0.2433,67,""
fish,square-60,15,1,5,820,0.2278,61,""
fish,square-60,15,2,3,516,0.1433,43,""
fish,square-60,30,1,5,668,0.1856,50,""
fish,square-60,30,2,5,296,0.0822,21,""
fish,square-60,45,1,5,624,0.1733,46,""
fish,square-60,45,2,4,344,0.0956,22,""
fish,square-60,60,1,5,664,0.1844,55,""
fish,square-60,60,2,4,340,0.0944,22,""
fish,square-60,75,1,5,824,0.2289,59,""
fish,square-60,75,2,3,500,0.1389,29,""
fish,square-60,90,1,5,1332,0.3700,84,""
fish,square-60,90,2,5,876,0.2433,71,""
fish,square-60,105,1,5,820,0.2278,50,""
fish,square-60,105,2,3,516,0.1433,42,""
fish,square-60,120,1,5,668,0.1856,52,""
fish,square-60,120,2,5,296,0.0822,18,""
fish,square-60,135,1,5,624,0.1733,52,""
fish,square-60,135,2,4,344,0.0956,22,""
fish,square-60,150,1,5,664,0.1844,49,""
fish,square-60,150,2,4,340,0.0944,16,""
fish,square-60,165,1,5,824,0.2289,61,""
fish,square-60,165,2,3,500,0.1389,39,""
fish,portrait-72x120,0,1,5,2068,0.2394,132,""
fish,portrait-72x120,0,2,5,1556,0.1801,101,""
fish,portrait-72x120,15,1,5,1344,0.1556,89,""
fish,portrait-72x120,15,2,5,892,0.1032,59,""
fish,portrait-72x120,30,1,5,1076,0.1245,69,""
fish,portrait-72x120,30,2,4,660,0.0764,43,""
fish,portrait-72x120,45,1,5,1056,0.1222,67,""
fish,portrait-72x120,45,2,3,636,0.0736,45,""
fish,portrait-72x120,60,1,5,1136,0.1315,73,""
fish,portrait-72x120,60,2,3,724,0.0838,42,""
fish,portrait-72x120,75,1,5,1560,0.1806,101,""
fish,portrait-72x120,75,2,5,1088,0.1259,71,""
fish,portrait-72x120,90,1,5,2624,0.3037,171,""
fish,portrait-72x120,90,2,5,2032,0.2352,143,""
fish,portrait-72x120,105,1,5,1556,0.1801,96,""
fish,portrait-72x120,105,2,5,1096,0.1269,65,""
fish,portrait-72x120,120,1,5,1156,0.1338,80,""
fish,portrait-72x120,120,2,4,736,0.0852,42,""
fish,portrait-72x120,135,1,5,1056,0.1222,83,""
fish,portrait-72x120,135,2,3,636,0.0736,47,""
fish,portrait-72x120,150,1,5,1072,0.1241,69,""
fish,portrait-72x120,150,2,4,656,0.0759,46,""
fish,portrait-72x120,165,1,5,1356,0.1569,103,""
fish,portrait-72x120,165,2,4,872,0.1009,64,""
fish,portrait-60x100,0,1,5,1332,0.2220,101,""
fish,portrait-60x100,0,2,5,876,0.1460,67,""
fish,portrait-60x100,15,1,5,820,0.1367,61,""
fish,portrait-60x100,15,2,3,516,0.0860,43,""
fish,portrait-60x100,30,1,5,668,0.1113,50,""
fish,portrait-60x100,30,2,5,296,0.0493,21,""
fish,portrait-60x100,45,1,5,624,0.1040,46,""
fish,portrait-60x100,45,2,4,344,0.0573,22,""
fish,portrait-60x100,60,1,5,716,0.1193,44,""
fish,portrait-60x100,60,2,3,408,0.0680,28,""
fish,portrait-60x100,75,1,5,1008,0.1680,67,""
fish,portrait-60x100,75,2,3,560,0.0933,33,""
fish,portrait-60x100,90,1,5,1692,0.2820,112,""
fish,portrait-60x100,90,2,5,1208,0.2013,71,""
fish,portrait-60x100,105,1,5,1004,0.1673,62,""
fish,portrait-60x100,105,2,3,592,0.0987,36,""
fish,portrait-60x100,120,1,5,728,0.1213,49,""
fish,portrait-60x100,120,2,3,364,0.0607,19,""
fish,portrait-60x100,135,1,5,624,0.1040,52,""
fish,portrait-60x100,135,2,4,344,0.0573,22,""
fish,portrait-60x100,150,1,5,664,0.1107,49,""
fish,portrait-60x100,150,2,4,340,0.0567,16,""
fish,portrait-60x100,165,1,5,824,0.1373,61,""
fish,portrait-60x100,165,2,3,500,0.0833,39,""
fish,portrait-52x92,0,1,5,968,0.2023,87,""
fish,portrait-52x92,0,2,3,512,0.1070,33,""
fish,portrait-52x92,15,1,5,576,0.1204,34,""
fish,portrait-52x92,15,2,2,232,0.0485,15,""
fish,portrait-52x92,30,1,4,436,0.0911,22,""
fish,portrait-52x92,30,2,3,120,0.0251,14,""
fish,portrait-52x92,45,1,3,392,0.0819,20,""
fish,portrait-52x92,45,2,3,104,0.0217,11,""
fish,portrait-52x92,60,1,3,448,0.0936,30,""
fish,portrait-52x92,60,2,4,188,0.0393,13,""
fish,portrait-52x92,75,1,5,676,0.1413,43,""
fish,portrait-52x92,75,2,5,356,0.0744,23,""
fish,portrait-52x92,90,1,5,1216,0.2542,81,""
fish,portrait-52x92,90,2,3,752,0.1572,39,""
fish,portrait-52x92,105,1,5,668,0.1396,50,""
fish,portrait-52x92,105,2,4,388,0.0811,31,""
fish,portrait-52x92,120,1,3,444,0.0928,28,""
fish,portrait-52x92,120,2,4,176,0.0368,12,""
fish,portrait-52x92,135,1,3,392,0.0819,30,""
fish,portrait-52x92,135,2,3,104,0.0217,8,""
fish,portrait-52x92,150,1,4,444,0.0928,33,""
fish,portrait-52x92,150,2,2,108,0.0226,8,""
fish,portrait-52x92,165,1,4,556,0.1162,40,""
fish,portrait-52x92,165,2,3,232,0.0485,21,""
ghost,square-78,0,1,1,3388,0.5569,239,""
ghost,square-78,0,2,1,3000,0.4931,188,""
ghost,square-78,15,1,1,2404,0.3951,156,""
ghost,square-78,15,2,1,2088,0.3432,130,""
ghost,square-78,30,1,1,2028,0.3333,134,""
ghost,square-78,30,2,1,1772,0.2913,116,""
ghost,square-78,45,1,1,1976,0.3248,127,""
ghost,square-78,45,2,1,1720,0.2827,124,""
ghost,square-78,60,1,1,2028,0.3333,134,""
ghost,square-78,60,2,1,1772,0.2913,118,""
ghost,square-78,75,1,1,2404,0.3951,148,""
ghost,square-78,75,2,1,2088,0.3432,147,""
ghost,square-78,90,1,1,3388,0.5569,237,""
ghost,square-78,90,2,1,3000,0.4931,198,""
ghost,square-78,105,1,1,2404,0.3951,143,""
ghost,square-78,105,2,1,2088,0.3432,140,""
ghost,square-78,120,1,1,2028,0.3333,138,""
ghost,square-78,120,2,1,1772,0.2913,132,""
ghost,square-78,135,1,1,1976,0.3248,165,""
ghost,square-78,135,2,1,1720,0.2827,110,""
ghost,square-78,150,1,1,2028,0.3333,144,""
ghost,square-78,150,2,1,1772,0.2913,117,""
ghost,square-78,165,1,1,2404,0.3951,185,""
ghost,square-78,165,2,1,2088,0.3432,110,""
ghost,square-60,0,1,1,1928,0.5356,137,""
ghost,square-60,0,2,1,1624,0.4511,106,""
ghost,square-60,15,1,1,1360,0.3778,82,""
ghost,square-60,15,2,1,1140,0.3167,79,""
ghost,square-60,30,1,1,1128,0.3133,80,""
ghost,square-60,30,2,1,948,0.2633,61,""
ghost,square-60,45,1,1,1088,0.3022,68,""
ghost,square-60,45,2,1,944,0.2622,71,""
ghost,square-60,60,1,1,1128,0.3133,71,""
ghost,square-60,60,2,1,948,0.2633,66,""
ghost,square-60,75,1,1,1360,0.3778,87,""
ghost,square-60,75,2,1,1140,0.3167,85,""
ghost,square-60,90,1,1,1928,0.5356,132,""
ghost,square-60,90,2,1,1624,0.4511,119,""
ghost,square-60,105,1,1,1360,0.3778,91,""
ghost,square-60,105,2,1,1140,0.3167,86,""
ghost,square-60,120,1,1,1128,0.3133,76,""
ghost,square-60,120,2,1,948,0.2633,80,""
ghost,square-60,135,1,1,1088,0.3022,65,""
ghost,square-60,135,2,1,944,0.2622,74,""
ghost,square-60,150,1,1,1128,0.3133,78,""
ghost,square-60,150,2,1,948,0.2633,71,""
ghost,square-60,165,1,1,1360,0.3778,93,""
ghost,square-60,165,2,1,1140,0.3167,92,""
ghost,portrait-72x120,0,1,1,4552,0.5269,317,""
ghost,portrait-72x120,0,2,1,4064,0.4704,247,""
ghost,portrait-72x120,15,1,1,2628,0.3042,168,""
ghost,portrait-72x120,15,2,1,2308,0.2671,141,""
ghost,portrait-72x120,30,1,1,1936,0.2241,113,""
ghost,portrait-72x120,30,2,1,1676,0.1940,110,""
ghost,portrait-72x120,45,1,1,1676,0.1940,120,""
ghost,portrait-72x120,45,2,1,1476,0.1708,101,""
ghost,portrait-72x120,60,1,1,1732,0.2005,125,""
ghost,portrait-72x120,60,2,1,1472,0.1704,107,""
ghost,portrait-72x120,75,1,1,2012,0.2329,134,""
ghost,portrait-72x120,75,2,1,1740,0.2014,140,""
ghost,portrait-72x120,90,1,1,2808,0.3250,214,""
ghost,portrait-72x120,90,2,1,2536,0.2935,188,""
ghost,portrait-72x120,105,1,1,2012,0.2329,115,""
ghost,portrait-72x120,105,2,1,1740,0.2014,124,""
ghost,portrait-72x120,120,1,1,1732,0.2005,110,""
ghost,portrait-72x120,120,2,1,1472,0.1704,106,""
ghost,portrait-72x120,135,1,1,1676,0.1940,115,""
ghost,portrait-72x120,135,2,1,1476,0.1708,93,""
ghost,portrait-72x120,150,1,1,1936,0.2241,127,""
ghost,portrait-72x120,150,2,1,1676,0.1940,111,""
ghost,portrait-72x120,165,1,1,2636,0.3051,177,""
ghost,portrait-72x120,165,2,1,2308,0.2671,156,""
ghost,portrait-60x100,0,1,1,3080,0.5133,209,""
ghost,portrait-60x100,0,2,1,2704,0.4507,203,""
ghost,portrait-60x100,15,1,1,1772,0.2953,123,""
ghost,portrait-60x100,15,2,1,1516,0.2527,106,""
ghost,portrait-60x100,30,1,1,1284,0.2140,90,""
ghost,portrait-60x100,30,2,1,1080,0.1800,67,""
ghost,portrait-60x100,45,1,1,1088,0.1813,68,""
ghost,portrait-60x100,45,2,1,944,0.1573,71,""
ghost,portrait-60x100,60,1,1,1128,0.1880,71,""
ghost,portrait-60x100,60,2,1,948,0.1580,66,""
ghost,portrait-60x100,75,1,1,1360,0.2267,87,""
ghost,portrait-60x100,75,2,1,1140,0.1900,85,""
ghost,portrait-60x100,90,1,1,1928,0.3213,132,""
ghost,portrait-60x100,90,2,1,1624,0.2707,119,""
ghost,portrait-60x100,105,1,1,1360,0.2267,91,""
ghost,portrait-60x100,105,2,1,1140,0.1900,86,""
ghost,portrait-60x100,120,1,1,1128,0.1880,76,""
ghost,portrait-60x100,120,2,1,948,0.1580,80,""
ghost,portrait-60x100,135,1,1,1088,0.1813,65,""
ghost,portrait-60x100,135,2,1,944,0.1573,74,""
ghost,portrait-60x100,150,1,1,1284,0.2140,86,""
ghost,portrait-60x100,150,2,1,1080,0.1800,71,""
ghost,portrait-60x100,165,1,1,1772,0.2953,144,""
ghost,portrait-60x100,165,2,1,1516,0.2527,102,""
ghost,portrait-52x92,0,1,1,2272,0.4749,153,""
ghost,portrait-52x92,0,2,1,1944,0.4064,161,""
ghost,portrait-52x92,15,1,1,1300,0.2717,86,""
ghost,portrait-52x92,15,2,1,1076,0.2249,87,""
ghost,portrait-52x92,30,1,1,948,0.1982,69,""
ghost,portrait-52x92,30,2,1,764,0.1597,49,""
ghost,portrait-52x92,45,1,1,840,0.1756,67,""
ghost,portrait-52x92,45,2,1,664,0.1388,45,""
ghost,portrait-52x92,60,1,1,824,0.1722,57,""
ghost,portrait-52x92,60,2,1,632,0.1321,45,""
ghost,portrait-52x92,75,1,1,976,0.2040,76,""
ghost,portrait-52x92,75,2,1,820,0.1714,58,""
ghost,portrait-52x92,90,1,1,1344,0.2809,109,""
ghost,portrait-52x92,90,2,1,1184,0.2475,85,""
ghost,portrait-52x92,105,1,1,976,0.2040,76,""
ghost,portrait-52x92,105,2,1,820,0.1714,59,""
ghost,portrait-52x92,120,1,1,824,0.1722,64,""
ghost,portrait-52x92,120,2,1,632,0.1321,36,""
ghost,portrait-52x92,135,1,1,840,0.1756,53,""
ghost,portrait-52x92,135,2,1,664,0.1388,53,""
ghost,portrait-52x92,150,1,1,948,0.1982,62,""
ghost,portrait-52x92,150,2,1,764,0.1597,60,""
ghost,portrait-52x92,165,1,1,1300,0.2717,95,""
ghost,portrait-52x92,165,2,1,1076,0.2249,68,""
grape,square-78,0,1,8,2444,0.4017,179,""
grape,square-78,0,2,8,1764,0.2899,114,""
grape,square-78,15,1,8,1528,0.2512,119,""
grape,square-78,15,2,8,1028,0.1690,71,""
grape,square-78,30,1,8,1192,0.1959,65,""
grape,square-78,30,2,8,780,0.1282,50,""
grape,square-78,45,1,8,1120,0.1841,77,""
grape,square-78,45,2,8,688,0.1131,55,""
grape,square-78,60,1,8,1184,0.1946,88,""
grape,square-78,60,2,8,788,0.1295,52,""
grape,square-78,75,1,8,1528,0.2512,124,""
grape,square-78,75,2,8,1032,0.1696,68,""
grape,square-78,90,1,8,2444,0.4017,160,""
grape,square-78,90,2,8,1764,0.2899,115,""
grape,square-78,105,1,8,1528,0.2512,106,""
grape,square-78,105,2,8,1028,0.1690,72,""
grape,square-78,120,1,8,1192,0.1959,84,""
grape,square-78,120,2,8,780,0.1282,52,""
grape,square-78,135,1,8,1120,0.1841,84,""
grape,square-78,135,2,8,688,0.1131,46,""
grape,square-78,150,1,8,1184,0.1946,94,""
grape,square-78,150,2,8,788,0.1295,63,""
grape,square-78,165,1,8,1528,0.2512,105,""
grape,square-78,165,2,8,1032,0.1696,64,""
grape,square-60,0,1,8,1292,0.3589,86,""
grape,square-60,0,2,8,844,0.2344,52,""
grape,square-60,15,1,8,800,0.2222,50,""
grape,square-60,15,2,8,464,0.1289,37,""
grape,square-60,30,1,8,584,0.1622,38,""
grape,square-60,30,2,8,308,0.0856,23,""
grape,square-60,45,1,8,520,0.1444,41,""
grape,square-60,45,2,8,288,0.0800,17,""
grape,square-60,60,1,8,592,0.1644,41,""
grape,square-60,60,2,8,300,0.0833,21,""
grape,square-60,75,1,8,792,0.2200,49,""
grape,square-60,75,2,8,460,0.1278,38,""
grape,square-60,90,1,8,1292,0.3589,81,""
grape,square-60,90,2,8,844,0.2344,47,""
grape,square-60,105,1,8,800,0.2222,71,""
grape,square-60,105,2,8,464,0.1289,30,""
grape,square-60,120,1,8,584,0.1622,39,""
grape,square-60,120,2,8,308,0.0856,36,""
grape,square-60,135,1,8,520,0.1444,41,""
grape,square-60,135,2,8,288,0.0800,15,""
grape,square-60,150,1,8,592,0.1644,46,""
grape,square-60,150,2,8,300,0.0833,20,""
grape,square-60,165,1,8,792,0.2200,64,""
grape,square-60,165,2,8,460,0.1278,32,""
grape,portrait-72x120,0,1,8,2040,0.2361,144,""
grape,portrait-72x120,0,2,8,1456,0.1685,102,""
grape,portrait-72x120,15,1,8,1252,0.1449,75,""
grape,portrait-72x120,15,2,8,864,0.1000,49,""
grape,portrait-72x120,30,1,8,980,0.1134,71,""
grape,portrait-72x120,30,2,8,588,0.0681,53,""
grape,portrait-72x120,45,1,8,880,0.1019,49,""
grape,portrait-72x120,45,2,8,528,0.0611,36,""
grape,portrait-72x120,60,1,8,980,0.1134,60,""
grape,portrait-72x120,60,2,8,592,0.0685,44,""
grape,portrait-72x120,75,1,8,1252,0.1449,88,""
grape,portrait-72x120,75,2,8,856,0.0991,53,""
grape,portrait-72x120,90,1,8,2040,0.2361,112,""
grape,portrait-72x120,90,2,8,1456,0.1685,90,""
grape,portrait-72x120,105,1,8,1252,0.1449,91,""
grape,portrait-72x120,105,2,8,864,0.1000,72,""
grape,portrait-72x120,120,1,8,980,0.1134,61,""
grape,portrait-72x120,120,2,8,588,0.0681,41,""
grape,portrait-72x120,135,1,8,880,0.1019,60,""
grape,portrait-72x120,135,2,8,528,0.0611,39,""
grape,portrait-72x120,150,1,8,980,0.1134,67,""
grape,portrait-72x120,150,2,8,592,0.0685,44,""
grape,portrait-72x120,165,1,8,1252,0.1449,82,""
grape,portrait-72x120,165,2,8,856,0.0991,69,""
grape,portrait-60x100,0,1,8,1292,0.2153,86,""
grape,portrait-60x100,0,2,8,844,0.1407,52,""
grape,portrait-60x100,15,1,8,800,0.1333,50,""
grape,portrait-60x100,15,2,8,464,0.0773,37,""
grape,portrait-60x100,30,1,8,584,0.0973,38,""
grape,portrait-60x100,30,2,8,308,0.0513,23,""
grape,portrait-60x100,45,1,8,520,0.0867,41,""
grape,portrait-60x100,45,2,8,288,0.0480,17,""
grape,portrait-60x100,60,1,8,592,0.0987,41,""
grape,portrait-60x100,60,2,8,300,0.0500,21,""
grape,portrait-60x100,75,1,8,792,0.1320,49,""
grape,portrait-60x100,75,2,8,460,0.0767,38,""
grape,portrait-60x100,90,1,8,1292,0.2153,81,""
grape,portrait-60x100,90,2,8,844,0.1407,47,""
grape,portrait-60x100,105,1,8,800,0.1333,71,""
grape,portrait-60x100,105,2,8,464,0.0773,30,""
grape,portrait-60x100,120,1,8,584,0.0973,39,""
grape,portrait-60x100,120,2,8,308,0.0513,36,""
grape,portrait-60x100,135,1,8,520,0.0867,41,""
grape,portrait-60x100,135,2,8,288,0.0480,15,""
grape,portrait-60x100,150,1,8,592,0.0987,46,""
grape,portrait-60x100,150,2,8,300,0.0500,20,""
grape,portrait-60x100,165,1,8,792,0.1320,64,""
grape,portrait-60x100,165,2,8,460,0.0767,32,""
grape,portrait-52x92,0,1,8,880,0.1839,73,""
grape,portrait-52x92,0,2,8,576,0.1204,39,""
grape,portrait-52x92,15,1,8,580,0.1212,35,""
grape,portrait-52x92,15,2,8,208,0.0435,11,""
grape,portrait-52x92,30,1,8,408,0.0853,21,""
grape,portrait-52x92,30,2,6,120,0.0251,10,""
grape,portrait-52x92,45,1,8,368,0.0769,31,""
grape,portrait-52x92,45,2,2,40,0.0084,3,""
grape,portrait-52x92,60,1,8,408,0.0853,25,""
grape,portrait-52x92,60,2,6,120,0.0251,9,""
grape,portrait-52x92,75,1,8,572,0.1196,34,""
grape,portrait-52x92,75,2,8,208,0.0435,20,""
grape,portrait-52x92,90,1,8,880,0.1839,62,""
grape,portrait-52x92,90,2,8,576,0.1204,43,""
grape,portrait-52x92,105,1,8,580,0.1212,42,""
grape,portrait-52x92,105,2,8,208,0.0435,20,""
grape,portrait-52x92,120,1,8,408,0.0853,33,""
grape,portrait-52x92,120,2,6,120,0.0251,12,""
grape,portrait-52x92,135,1,8,368,0.0769,27,""
grape,portrait-52x92,135,2,2,40,0.0084,3,""
grape,portrait-52x92,150,1,8,408,0.0853,32,""
grape,portrait-52x92,150,2,6,120,0.0251,15,""
grape,portrait-52x92,165,1,8,572,0.1196,34,""
grape,portrait-52x92,165,2,8,208,0.0435,25,""
house,square-78,0,1,2,3936,0.6469,273,""
house,square-78,0,2,2,3232,0.5312,229,""
house,square-78,15,1,2,2548,0.4188,188,""
house,square-78,15,2,2,2128,0.3498,166,""
house,square-78,30,1,2,2040,0.3353,138,""
house,square-78,30,2,2,1644,0.2702,122,""
house,square-78,45,1,2,1960,0.3222,130,""
house,square-78,45,2,2,1572,0.2584,112,""
house,square-78,60,1,2,2040,0.3353,150,""
house,square-78,60,2,2,1644,0.2702,127,""
house,square-78,75,1,2,2548,0.4188,149,""
house,square-78,75,2,2,2128,0.3498,135,""
house,square-78,90,1,2,3936,0.6469,281,""
house,square-78,90,2,2,3232,0.5312,228,""
house,square-78,105,1,2,2548,0.4188,181,""
house,square-78,105,2,2,2128,0.3498,147,""
house,square-78,120,1,2,2040,0.3353,135,""
house,square-78,120,2,2,1644,0.2702,108,""
house,square-78,135,1,2,1960,0.3222,139,""
house,square-78,135,2,2,1572,0.2584,94,""
house,square-78,150,1,2,2040,0.3353,147,""
house,square-78,150,2,2,1644,0.2702,107,""
house,square-78,165,1,2,2548,0.4188,160,""
house,square-78,165,2,2,2128,0.3498,145,""
house,square-60,0,1,2,2208,0.6133,141,""
house,square-60,0,2,2,1840,0.5111,131,""
house,square-60,15,1,2,1420,0.3944,94,""
house,square-60,15,2,2,1104,0.3067,76,""
house,square-60,30,1,2,1128,0.3133,73,""
house,square-60,30,2,2,836,0.2322,56,""
house,square-60,45,1,2,1084,0.3011,74,""
house,square-60,45,2,2,776,0.2156,60,""
house,square-60,60,1,2,1128,0.3133,76,""
house,square-60,60,2,2,836,0.2322,65,""
house,square-60,75,1,2,1420,0.3944,99,""
house,square-60,75,2,2,1104,0.3067,69,""
house,square-60,90,1,2,2208,0.6133,135,""
house,square-60,90,2,2,1840,0.5111,150,""
house,square-60,105,1,2,1420,0.3944,94,""
house,square-60,105,2,2,1104,0.3067,83,""
house,square-60,120,1,2,1128,0.3133,63,""
house,square-60,120,2,2,836,0.2322,55,""
house,square-60,135,1,2,1084,0.3011,70,""
house,square-60,135,2,2,776,0.2156,56,""
house,square-60,150,1,2,1128,0.3133,76,""
house,square-60,150,2,2,836,0.2322,61,""
house,square-60,165,1,2,1420,0.3944,86,""
house,square-60,165,2,2,1104,0.3067,68,""
house,portrait-72x120,0,1,2,3680,0.4259,242,""
house,portrait-72x120,0,2,2,3176,0.3676,195,""
house,portrait-72x120,15,1,2,2284,0.2644,149,""
house,portrait-72x120,15,2,2,1908,0.2208,136,""
house,portrait-72x120,30,1,2,1772,0.2051,111,""
house,portrait-72x120,30,2,2,1392,0.1611,102,""
house,portrait-72x120,45,1,2,1644,0.1903,108,""
house,portrait-72x120,45,2,2,1292,0.1495,98,""
house,portrait-72x120,60,1,2,1720,0.1991,115,""
house,portrait-72x120,60,2,2,1360,0.1574,98,""
house,portrait-72x120,75,1,2,2136,0.2472,125,""
house,portrait-72x120,75,2,2,1756,0.2032,128,""
house,portrait-72x120,90,1,2,3312,0.3833,235,""
house,portrait-72x120,90,2,2,2664,0.3083,193,""
house,portrait-72x120,105,1,2,2136,0.2472,151,""
house,portrait-72x120,105,2,2,1756,0.2032,113,""
house,portrait-72x120,120,1,2,1720,0.1991,111,""
house,portrait-72x120,120,2,2,1360,0.1574,82,""
house,portrait-72x120,135,1,2,1644,0.1903,103,""
house,portrait-72x120,135,2,2,1292,0.1495,82,""
house,portrait-72x120,150,1,2,1772,0.2051,98,""
house,portrait-72x120,150,2,2,1392,0.1611,73,""
house,portrait-72x120,165,1,2,2284,0.2644,147,""
house,portrait-72x120,165,2,2,1908,0.2208,131,""
house,portrait-60x100,0,1,2,2504,0.4173,183,""
house,portrait-60x100,0,2,2,2032,0.3387,149,""
house,portrait-60x100,15,1,2,1508,0.2513,107,""
house,portrait-60x100,15,2,2,1204,0.2007,82,""
house,portrait-60x100,30,1,2,1160,0.1933,64,""
house,portrait-60x100,30,2,2,860,0.1433,55,""
house,portrait-60x100,45,1,2,1084,0.1807,74,""
house,portrait-60x100,45,2,2,776,0.1293,60,""
house,portrait-60x100,60,1,2,1128,0.1880,76,""
house,portrait-60x100,60,2,2,836,0.1393,65,""
house,portrait-60x100,75,1,2,1420,0.2367,99,""
house,portrait-60x100,75,2,2,1104,0.1840,69,""
house,portrait-60x100,90,1,2,2208,0.3680,135,""
house,portrait-60x100,90,2,2,1840,0.3067,150,""
house,portrait-60x100,105,1,2,1420,0.2367,94,""
house,portrait-60x100,105,2,2,1104,0.1840,83,""
house,portrait-60x100,120,1,2,1128,0.1880,63,""
house,portrait-60x100,120,2,2,836,0.1393,55,""
house,portrait-60x100,135,1,2,1084,0.1807,70,""
house,portrait-60x100,135,2,2,776,0.1293,56,""
house,portrait-60x100,150,1,2,1160,0.1933,84,""
house,portrait-60x100,150,2,2,860,0.1433,61,""
house,portrait-60x100,165,1,2,1508,0.2513,112,""
house,portrait-60x100,165,2,2,1204,0.2007,68,""
house,portrait-52x92,0,1,2,1824,0.3813,124,""
house,portrait-52x92,0,2,2,1440,0.3010,97,""
house,portrait-52x92,15,1,2,1092,0.2283,70,""
house,portrait-52x92,15,2,2,820,0.1714,58,""
house,portrait-52x92,30,1,2,840,0.1756,62,""
house,portrait-52x92,30,2,2,568,0.1187,47,""
house,portrait-52x92,45,1,2,800,0.1672,50,""
house,portrait-52x92,45,2,2,540,0.1129,39,""
house,portrait-52x92,60,1,2,820,0.1714,58,""
house,portrait-52x92,60,2,2,548,0.1145,36,""
house,portrait-52x92,75,1,2,1024,0.2140,64,""
house,portrait-52x92,75,2,2,744,0.1555,46,""
house,portrait-52x92,90,1,2,1576,0.3294,105,""
house,portrait-52x92,90,2,2,1296,0.2709,79,""
house,portrait-52x92,105,1,2,1024,0.2140,83,""
house,portrait-52x92,105,2,2,744,0.1555,45,""
house,portrait-52x92,120,1,2,820,0.1714,58,""
house,portrait-52x92,120,2,2,548,0.1145,36,""
house,portrait-52x92,135,1,2,800,0.1672,58,""
house,portrait-52x92,135,2,2,540,0.1129,34,""
house,portrait-52x92,150,1,2,840,0.1756,60,""
house,portrait-52x92,150,2,2,568,0.1187,44,""
house,portrait-52x92,165,1,2,1092,0.2283,85,""
house,portrait-52x92,165,2,2,820,0.1714,52,""
leaf,square-78,0,1,1,2888,0.4747,187,""
leaf,square-78,0,2,1,2504,0.4116,155,""
leaf,square-78,15,1,1,1872,0.3077,132,""
leaf,square-78,15,2,1,1600,0.2630,107,""
leaf,square-78,30,1,1,1480,0.2433,105,""
leaf,square-78,30,2,1,1224,0.2012,92,""
leaf,square-78,45,1,1,1368,0.2249,91,""
leaf,square-78,45,2,1,1092,0.1795,73,""
leaf,square-78,60,1,1,1488,0.2446,92,""
leaf,square-78,60,2,1,1216,0.1999,81,""
leaf,square-78,75,1,1,1868,0.3070,141,""
leaf,square-78,75,2,1,1584,0.2604,104,""
leaf,square-78,90,1,1,2888,0.4747,171,""
leaf,square-78,90,2,1,2504,0.4116,174,""
leaf,square-78,105,1,1,1872,0.3077,118,""
leaf,square-78,105,2,1,1600,0.2630,104,""
leaf,square-78,120,1,1,1480,0.2433,94,""
leaf,square-78,120,2,1,1224,0.2012,87,""
leaf,square-78,135,1,1,1368,0.2249,81,""
leaf,square-78,135,2,1,1092,0.1795,79,""
leaf,square-78,150,1,1,1488,0.2446,102,""
leaf,square-78,150,2,1,1216,0.1999,67,""
leaf,square-78,165,1,1,1868,0.3070,120,""
leaf,square-78,165,2,1,1584,0.2604,105,""
leaf,square-60,0,1,1,1640,0.4556,108,""
leaf,square-60,0,2,1,1348,0.3744,76,""
leaf,square-60,15,1,1,1044,0.2900,95,""
leaf,square-60,15,2,1,832,0.2311,66,""
leaf,square-60,30,1,1,836,0.2322,52,""
leaf,square-60,30,2,1,632,0.1756,36,""
leaf,square-60,45,1,1,740,0.2056,46,""
leaf,square-60,45,2,1,568,0.1578,34,""
leaf,square-60,60,1,1,828,0.2300,53,""
leaf,square-60,60,2,1,600,0.1667,33,""
leaf,square-60,75,1,1,1044,0.2900,58,""
leaf,square-60,75,2,1,820,0.2278,68,""
leaf,square-60,90,1,1,1640,0.4556,113,""
leaf,square-60,90,2,1,1348,0.3744,83,""
leaf,square-60,105,1,1,1044,0.2900,74,""
leaf,square-60,105,2,1,832,0.2311,61,""
leaf,square-60,120,1,1,836,0.2322,58,""
leaf,square-60,120,2,1,632,0.1756,36,""
leaf,square-60,135,1,1,740,0.2056,43,""
leaf,square-60,135,2,1,568,0.1578,32,""
leaf,square-60,150,1,1,828,0.2300,49,""
leaf,square-60,150,2,1,600,0.1667,53,""
leaf,square-60,165,1,1,1044,0.2900,79,""
leaf,square-60,165,2,1,820,0.2278,65,""
leaf,portrait-72x120,0,1,1,2424,0.2806,202,""
leaf,portrait-72x120,0,2,1,2084,0.2412,135,""
leaf,portrait-72x120,15,1,1,1592,0.1843,100,""
leaf,portrait-72x120,15,2,1,1308,0.1514,107,""
leaf,portrait-72x120,30,1,1,1236,0.1431,80,""
leaf,portrait-72x120,30,2,1,1032,0.1194,73,""
leaf,portrait-72x120,45,1,1,1148,0.1329,77,""
leaf,portrait-72x120,45,2,1,928,0.1074,71,""
leaf,portrait-72x120,60,1,1,1232,0.1426,79,""
leaf,portrait-72x120,60,2,1,1000,0.1157,69,""
leaf,portrait-72x120,75,1,1,1576,0.1824,116,""
leaf,portrait-72x120,75,2,1,1280,0.1481,80,""
leaf,portrait-72x120,90,1,1,2424,0.2806,155,""
leaf,portrait-72x120,90,2,1,2084,0.2412,144,""
leaf,portrait-72x120,105,1,1,1592,0.1843,91,""
leaf,portrait-72x120,105,2,1,1308,0.1514,92,""
leaf,portrait-72x120,120,1,1,1236,0.1431,79,""
leaf,portrait-72x120,120,2,1,1032,0.1194,67,""
leaf,portrait-72x120,135,1,1,1148,0.1329,78,""
leaf,portrait-72x120,135,2,1,928,0.1074,60,""
leaf,portrait-72x120,150,1,1,1232,0.1426,72,""
leaf,portrait-72x120,150,2,1,1000,0.1157,65,""
leaf,portrait-72x120,165,1,1,1576,0.1824,110,""
leaf,portrait-72x120,165,2,1,1280,0.1481,92,""
leaf,portrait-60x100,0,1,1,1640,0.2733,108,""
leaf,portrait-60x100,0,2,1,1348,0.2247,76,""
leaf,portrait-60x100,15,1,1,1044,0.1740,95,""
leaf,portrait-60x100,15,2,1,832,0.1387,66,""
leaf,portrait-60x100,30,1,1,836,0.1393,52,""
leaf,portrait-60x100,30,2,1,632,0.1053,36,""
leaf,portrait-60x100,45,1,1,740,0.1233,46,""
leaf,portrait-60x100,45,2,1,568,0.0947,34,""
leaf,portrait-60x100,60,1,1,828,0.1380,53,""
leaf,portrait-60x100,60,2,1,600,0.1000,33,""
leaf,portrait-60x100,75,1,1,1044,0.1740,58,""
leaf,portrait-60x100,75,2,1,820,0.1367,68,""
leaf,portrait-60x100,90,1,1,1640,0.2733,113,""
leaf,portrait-60x100,90,2,1,1348,0.2247,83,""
leaf,portrait-60x100,105,1,1,1044,0.1740,74,""
leaf,portrait-60x100,105,2,1,832,0.1387,61,""
leaf,portrait-60x100,120,1,1,836,0.1393,58,""
leaf,portrait-60x100,120,2,1,632,0.1053,36,""
leaf,portrait-60x100,135,1,1,740,0.1233,43,""
leaf,portrait-60x100,135,2,1,568,0.0947,32,""
leaf,portrait-60x100,150,1,1,828,0.1380,49,""
leaf,portrait-60x100,150,2,1,600,0.1000,53,""
leaf,portrait-60x100,165,1,1,1044,0.1740,79,""
leaf,portrait-60x100,165,2,1,820,0.1367,65,""
leaf,portrait-52x92,0,1,1,1168,0.2441,77,""
leaf,portrait-52x92,0,2,1,948,0.1982,63,""
leaf,portrait-52x92,15,1,1,736,0.1538,42,""
leaf,portrait-52x92,15,2,1,600,0.1254,46,""
leaf,portrait-52x92,30,1,1,584,0.1221,37,""
leaf,portrait-52x92,30,2,1,460,0.0962,29,""
leaf,portrait-52x92,45,1,1,536,0.1120,40,""
leaf,portrait-52x92,45,2,1,388,0.0811,19,""
leaf,portrait-52x92,60,1,1,604,0.1263,41,""
leaf,portrait-52x92,60,2,1,428,0.0895,31,""
leaf,portrait-52x92,75,1,1,744,0.1555,50,""
leaf,portrait-52x92,75,2,1,552,0.1154,44,""
leaf,portrait-52x92,90,1,1,1168,0.2441,72,""
leaf,portrait-52x92,90,2,1,948,0.1982,87,""
leaf,portrait-52x92,105,1,1,736,0.1538,42,""
leaf,portrait-52x92,105,2,1,600,0.1254,37,""
leaf,portrait-52x92,120,1,1,584,0.1221,48,""
leaf,portrait-52x92,120,2,1,460,0.0962,28,""
leaf,portrait-52x92,135,1,1,536,0.1120,42,""
leaf,portrait-52x92,135,2,1,388,0.0811,26,""
leaf,portrait-52x92,150,1,1,604,0.1263,41,""
leaf,portrait-52x92,150,2,1,428,0.0895,26,""
leaf,portrait-52x92,165,1,1,744,0.1555,60,""
leaf,portrait-52x92,165,2,1,552,0.1154,43,""
rabbit,square-78,0,1,3,2520,0.4142,187,""
rabbit,square-78,0,2,3,2044,0.3360,134,""
rabbit,square-78,15,1,3,1672,0.2748,110,""
rabbit,square-78,15,2,3,1248,0.2051,76,""
rabbit,square-78,30,1,3,1320,0.2170,91,""
rabbit,square-78,30,2,3,948,0.1558,54,""
rabbit,square-78,45,1,3,1248,0.2051,89,""
rabbit,square-78,45,2,3,916,0.1506,58,""
rabbit,square-78,60,1,3,1316,0.2163,92,""
rabbit,square-78,60,2,3,980,0.1611,63,""
rabbit,square-78,75,1,3,1648,0.2709,111,""
rabbit,square-78,75,2,3,1280,0.2104,100,""
rabbit,square-78,90,1,3,2520,0.4142,146,""
rabbit,square-78,90,2,3,2044,0.3360,137,""
rabbit,square-78,105,1,3,1672,0.2748,103,""
rabbit,square-78,105,2,3,1248,0.2051,100,""
rabbit,square-78,120,1,3,1320,0.2170,89,""
rabbit,square-78,120,2,3,948,0.1558,69,""
rabbit,square-78,135,1,3,1248,0.2051,78,""
rabbit,square-78,135,2,3,916,0.1506,58,""
rabbit,square-78,150,1,3,1316,0.2163,102,""
rabbit,square-78,150,2,3,980,0.1611,69,""
rabbit,square-78,165,1,3,1648,0.2709,90,""
rabbit,square-78,165,2,3,1280,0.2104,78,""
rabbit,square-60,0,1,3,1400,0.3889,91,""
rabbit,square-60,0,2,3,1012,0.2811,79,""
rabbit,square-60,15,1,3,904,0.2511,63,""
rabbit,square-60,15,2,2,528,0.1467,38,""
rabbit,square-60,30,1,3,704,0.1956,53,""
rabbit,square-60,30,2,1,368,0.1022,23,""
rabbit,square-60,45,1,3,652,0.1811,41,""
rabbit,square-60,45,2,1,320,0.0889,24,""
rabbit,square-60,60,1,3,712,0.1978,50,""
rabbit,square-60,60,2,1,360,0.1000,16,""
rabbit,square-60,75,1,3,892,0.2478,54,""
rabbit,square-60,75,2,2,552,0.1533,27,""
rabbit,square-60,90,1,3,1400,0.3889,104,""
rabbit,square-60,90,2,3,1012,0.2811,73,""
rabbit,square-60,105,1,3,904,0.2511,54,""
rabbit,square-60,105,2,2,528,0.1467,30,""
rabbit,square-60,120,1,3,704,0.1956,54,""
rabbit,square-60,120,2,1,368,0.1022,19,""
rabbit,square-60,135,1,3,652,0.1811,32,""
rabbit,square-60,135,2,1,320,0.0889,18,""
rabbit,square-60,150,1,3,712,0.1978,55,""
rabbit,square-60,150,2,1,360,0.1000,18,""
rabbit,square-60,165,1,3,892,0.2478,49,""
rabbit,square-60,165,2,2,552,0.1533,43,""
rabbit,portrait-72x120,0,1,3,2088,0.2417,151,""
rabbit,portrait-72x120,0,2,3,1696,0.1963,113,""
rabbit,portrait-72x120,15,1,3,1360,0.1574,98,""
rabbit,portrait-72x120,15,2,3,1048,0.1213,70,""
rabbit,portrait-72x120,30,1,3,1096,0.1269,75,""
rabbit,portrait-72x120,30,2,3,768,0.0889,61,""
rabbit,portrait-72x120,45,1,3,1024,0.1185,76,""
rabbit,portrait-72x120,45,2,3,640,0.0741,46,""
rabbit,portrait-72x120,60,1,3,1108,0.1282,78,""
rabbit,portrait-72x120,60,2,3,812,0.0940,52,""
rabbit,portrait-72x120,75,1,3,1472,0.1704,112,""
rabbit,portrait-72x120,75,2,3,1120,0.1296,71,""
rabbit,portrait-72x120,90,1,3,2328,0.2694,146,""
rabbit,portrait-72x120,90,2,3,1904,0.2204,132,""
rabbit,portrait-72x120,105,1,3,1448,0.1676,91,""
rabbit,portrait-72x120,105,2,3,1120,0.1296,67,""
rabbit,portrait-72x120,120,1,3,1132,0.1310,64,""
rabbit,portrait-72x120,120,2,3,812,0.0940,60,""
rabbit,portrait-72x120,135,1,3,1024,0.1185,67,""
rabbit,portrait-72x120,135,2,3,640,0.0741,47,""
rabbit,portrait-72x120,150,1,3,1076,0.1245,70,""
rabbit,portrait-72x120,150,2,3,788,0.0912,57,""
rabbit,portrait-72x120,165,1,3,1364,0.1579,83,""
rabbit,portrait-72x120,165,2,3,1020,0.1181,64,""
rabbit,portrait-60x100,0,1,3,1400,0.2333,91,""
rabbit,portrait-60x100,0,2,3,1012,0.1687,79,""
rabbit,portrait-60x100,15,1,3,904,0.1507,63,""
rabbit,portrait-60x100,15,2,2,528,0.0880,38,""
rabbit,portrait-60x100,30,1,3,704,0.1173,53,""
rabbit,portrait-60x100,30,2,1,368,0.0613,23,""
rabbit,portrait-60x100,45,1,3,652,0.1087,41,""
rabbit,portrait-60x100,45,2,1,320,0.0533,24,""
rabbit,portrait-60x100,60,1,3,724,0.1207,53,""
rabbit,portrait-60x100,60,2,1,372,0.0620,32,""
rabbit,portrait-60x100,75,1,3,956,0.1593,68,""
rabbit,portrait-60x100,75,2,3,632,0.1053,42,""
rabbit,portrait-60x100,90,1,3,1532,0.2553,96,""
rabbit,portrait-60x100,90,2,3,1180,0.1967,72,""
rabbit,portrait-60x100,105,1,3,944,0.1573,64,""
rabbit,portrait-60x100,105,2,3,628,0.1047,43,""
rabbit,portrait-60x100,120,1,3,720,0.1200,49,""
rabbit,portrait-60x100,120,2,2,416,0.0693,22,""
rabbit,portrait-60x100,135,1,3,652,0.1087,32,""
rabbit,portrait-60x100,135,2,1,320,0.0533,18,""
rabbit,portrait-60x100,150,1,3,712,0.1187,55,""
rabbit,portrait-60x100,150,2,1,360,0.0600,18,""
rabbit,portrait-60x100,165,1,3,892,0.1487,49,""
rabbit,portrait-60x100,165,2,2,552,0.0920,43,""
rabbit,portrait-52x92,0,1,3,988,0.2065,60,""
rabbit,portrait-52x92,0,2,3,688,0.1438,38,""
rabbit,portrait-52x92,15,1,3,628,0.1313,47,""
rabbit,portrait-52x92,15,2,1,280,0.0585,17,""
rabbit,portrait-52x92,30,1,4,460,0.0962,27,""
rabbit,portrait-52x92,30,2,1,216,0.0452,10,""
rabbit,portrait-52x92,45,1,3,464,0.0970,32,""
rabbit,portrait-52x92,45,2,1,244,0.0510,13,""
rabbit,portrait-52x92,60,1,3,492,0.1028,34,""
rabbit,portrait-52x92,60,2,1,224,0.0468,12,""
rabbit,portrait-52x92,75,1,3,684,0.1430,46,""
rabbit,portrait-52x92,75,2,1,368,0.0769,26,""
rabbit,portrait-52x92,90,1,3,1096,0.2291,62,""
rabbit,portrait-52x92,90,2,3,796,0.1664,58,""
rabbit,portrait-52x92,105,1,3,660,0.1380,46,""
rabbit,portrait-52x92,105,2,2,336,0.0702,14,""
rabbit,portrait-52x92,120,1,4,512,0.1070,42,""
rabbit,portrait-52x92,120,2,1,232,0.0485,13,""
rabbit,portrait-52x92,135,1,3,464,0.0970,30,""
rabbit,portrait-52x92,135,2,1,244,0.0510,16,""
rabbit,portrait-52x92,150,1,4,464,0.0970,30,""
rabbit,portrait-52x92,150,2,1,224,0.0468,10,""
rabbit,portrait-52x92,165,1,3,648,0.1355,39,""
rabbit,portrait-52x92,165,2,1,292,0.0610,20,""
snail,square-78,0,1,2,2880,0.4734,197,""
snail,square-78,0,2,2,2152,0.3537,142,""
snail,square-78,15,1,2,1892,0.3110,141,""
snail,square-78,15,2,2,1264,0.2078,85,""
snail,square-78,30,1,2,1488,0.2446,118,""
snail,square-78,30,2,3,956,0.1571,55,""
snail,square-78,45,1,2,1424,0.2341,111,""
snail,square-78,45,2,2,940,0.1545,64,""
snail,square-78,60,1,2,1500,0.2465,83,""
snail,square-78,60,2,2,972,0.1598,53,""
snail,square-78,75,1,2,1884,0.3097,118,""
snail,square-78,75,2,2,1280,0.2104,95,""
snail,square-78,90,1,2,2880,0.4734,197,""
snail,square-78,90,2,2,2152,0.3537,149,""
snail,square-78,105,1,2,1892,0.3110,120,""
snail,square-78,105,2,2,1264,0.2078,95,""
snail,square-78,120,1,2,1488,0.2446,104,""
snail,square-78,120,2,3,956,0.1571,67,""
snail,square-78,135,1,2,1424,0.2341,98,""
snail,square-78,135,2,2,940,0.1545,68,""
snail,square-78,150,1,2,1500,0.2465,119,""
snail,square-78,150,2,2,972,0.1598,58,""
snail,square-78,165,1,2,1884,0.3097,112,""
snail,square-78,165,2,2,1280,0.2104,96,""
snail,square-60,0,1,2,1552,0.4311,90,""
snail,square-60,0,2,2,1000,0.2778,79,""
snail,square-60,15,1,2,984,0.2733,72,""
snail,square-60,15,2,6,500,0.1389,30,""
snail,square-60,30,1,2,768,0.2133,52,""
snail,square-60,30,2,1,20,0.0056,1,""
snail,square-60,45,1,2,732,0.2033,53,""
snail,square-60,45,2,3,96,0.0267,9,""
snail,square-60,60,1,2,772,0.2144,53,""
snail,square-60,60,2,4,112,0.0311,9,""
snail,square-60,75,1,2,980,0.2722,68,""
snail,square-60,75,2,8,336,0.0933,22,""
snail,square-60,90,1,2,1552,0.4311,113,""
snail,square-60,90,2,2,1000,0.2778,80,""
snail,square-60,105,1,2,984,0.2733,59,""
snail,square-60,105,2,6,500,0.1389,32,""
snail,square-60,120,1,2,768,0.2133,58,""
snail,square-60,120,2,1,20,0.0056,1,""
snail,square-60,135,1,2,732,0.2033,67,""
snail,square-60,135,2,3,96,0.0267,7,""
snail,square-60,150,1,2,772,0.2144,37,""
snail,square-60,150,2,4,112,0.0311,9,""
snail,square-60,165,1,2,980,0.2722,56,""
snail,square-60,165,2,8,336,0.0933,35,""
snail,portrait-72x120,0,1,2,2408,0.2787,158,""
snail,portrait-72x120,0,2,2,1792,0.2074,123,""
snail,portrait-72x120,15,1,2,1544,0.1787,96,""
snail,portrait-72x120,15,2,2,1012,0.1171,66,""
snail,portrait-72x120,30,1,2,1212,0.1403,81,""
snail,portrait-72x120,30,2,2,744,0.0861,39,""
snail,portrait-72x120,45,1,2,1184,0.1370,72,""
snail,portrait-72x120,45,2,2,668,0.0773,44,""
snail,portrait-72x120,60,1,2,1344,0.1556,85,""
snail,portrait-72x120,60,2,2,832,0.0963,54,""
snail,portrait-72x120,75,1,2,1796,0.2079,112,""
snail,portrait-72x120,75,2,2,1232,0.1426,69,""
snail,portrait-72x120,90,1,2,3040,0.3519,201,""
snail,portrait-72x120,90,2,2,2252,0.2606,141,""
snail,portrait-72x120,105,1,2,1792,0.2074,118,""
snail,portrait-72x120,105,2,2,1228,0.1421,75,""
snail,portrait-72x120,120,1,2,1324,0.1532,93,""
snail,portrait-72x120,120,2,3,840,0.0972,62,""
snail,portrait-72x120,135,1,2,1184,0.1370,83,""
snail,portrait-72x120,135,2,2,668,0.0773,46,""
snail,portrait-72x120,150,1,2,1280,0.1481,93,""
snail,portrait-72x120,150,2,2,700,0.0810,45,""
snail,portrait-72x120,165,1,2,1560,0.1806,116,""
snail,portrait-72x120,165,2,2,1008,0.1167,65,""
snail,portrait-60x100,0,1,2,1552,0.2587,90,""
snail,portrait-60x100,0,2,2,1000,0.1667,79,""
snail,portrait-60x100,15,1,2,984,0.1640,72,""
snail,portrait-60x100,15,2,6,500,0.0833,30,""
snail,portrait-60x100,30,1,2,768,0.1280,52,""
snail,portrait-60x100,30,2,1,20,0.0033,1,""
snail,portrait-60x100,45,1,2,732,0.1220,53,""
snail,portrait-60x100,45,2,3,96,0.0160,9,""
snail,portrait-60x100,60,1,2,848,0.1413,49,""
snail,portrait-60x100,60,2,6,180,0.0300,11,""
snail,portrait-60x100,75,1,2,1128,0.1880,84,""
snail,portrait-60x100,75,2,2,696,0.1160,43,""
snail,portrait-60x100,90,1,2,1972,0.3287,126,""
snail,portrait-60x100,90,2,2,1368,0.2280,101,""
snail,portrait-60x100,105,1,2,1148,0.1913,82,""
snail,portrait-60x100,105,2,4,644,0.1073,45,""
snail,portrait-60x100,120,1,2,812,0.1353,55,""
snail,portrait-60x100,120,2,5,156,0.0260,10,""
snail,portrait-60x100,135,1,2,732,0.1220,67,""
snail,portrait-60x100,135,2,3,96,0.0160,7,""
snail,portrait-60x100,150,1,2,772,0.1287,37,""
snail,portrait-60x100,150,2,4,112,0.0187,9,""
snail,portrait-60x100,165,1,2,980,0.1633,56,""
snail,portrait-60x100,165,2,8,336,0.0560,35,""
snail,portrait-52x92,0,1,2,1100,0.2299,79,""
snail,portrait-52x92,0,2,7,456,0.0953,36,""
snail,portrait-52x92,15,1,2,664,0.1388,38,""
snail,portrait-52x92,15,2,0,0,0.0000,0,"repair: mask repair removed the entire region — the raw blob had no "
snail,portrait-52x92,30,1,2,520,0.1087,31,""
snail,portrait-52x92,30,2,0,0,0.0000,0,"repair: mask repair removed the entire region — the raw blob had no "
snail,portrait-52x92,45,1,3,452,0.0945,26,""
snail,portrait-52x92,45,2,0,0,0.0000,0,"repair: mask repair removed the entire region — the raw blob had no "
snail,portrait-52x92,60,1,2,476,0.0995,33,""
snail,portrait-52x92,60,2,0,0,0.0000,0,"repair: mask repair removed the entire region — the raw blob had no "
snail,portrait-52x92,75,1,2,792,0.1656,40,""
snail,portrait-52x92,75,2,3,124,0.0259,9,""
snail,portrait-52x92,90,1,2,1380,0.2885,101,""
snail,portrait-52x92,90,2,2,916,0.1915,69,""
snail,portrait-52x92,105,1,2,784,0.1639,58,""
snail,portrait-52x92,105,2,1,20,0.0042,1,""
snail,portrait-52x92,120,1,2,532,0.1112,37,""
snail,portrait-52x92,120,2,0,0,0.0000,0,"repair: mask repair removed the entire region — the raw blob had no "
snail,portrait-52x92,135,1,3,452,0.0945,36,""
snail,portrait-52x92,135,2,0,0,0.0000,0,"repair: mask repair removed the entire region — the raw blob had no "
snail,portrait-52x92,150,1,2,476,0.0995,27,""
snail,portrait-52x92,150,2,0,0,0.0000,0,"repair: mask repair removed the entire region — the raw blob had no "
snail,portrait-52x92,165,1,2,688,0.1438,41,""
snail,portrait-52x92,165,2,0,0,0.0000,0,"repair: mask repair removed the entire region — the raw blob had no "
turtle,square-78,0,1,7,1468,0.2413,107,""
turtle,square-78,0,2,7,1000,0.1644,60,""
turtle,square-78,15,1,7,1060,0.1742,78,""
turtle,square-78,15,2,7,628,0.1032,40,""
turtle,square-78,30,1,7,956,0.1571,64,""
turtle,square-78,30,2,7,528,0.0868,35,""
turtle,square-78,45,1,7,1048,0.1723,61,""
turtle,square-78,45,2,7,624,0.1026,46,""
turtle,square-78,60,1,7,980,0.1611,71,""
turtle,square-78,60,2,7,512,0.0842,26,""
turtle,square-78,75,1,7,1052,0.1729,69,""
turtle,square-78,75,2,7,636,0.1045,44,""
turtle,square-78,90,1,7,1468,0.2413,91,""
turtle,square-78,90,2,7,1000,0.1644,71,""
turtle,square-78,105,1,7,1060,0.1742,80,""
turtle,square-78,105,2,7,628,0.1032,53,""
turtle,square-78,120,1,7,956,0.1571,59,""
turtle,square-78,120,2,7,528,0.0868,36,""
turtle,square-78,135,1,7,1048,0.1723,65,""
turtle,square-78,135,2,7,624,0.1026,49,""
turtle,square-78,150,1,7,980,0.1611,56,""
turtle,square-78,150,2,7,512,0.0842,34,""
turtle,square-78,165,1,7,1052,0.1729,69,""
turtle,square-78,165,2,7,636,0.1045,46,""
turtle,square-60,0,1,7,728,0.2022,48,""
turtle,square-60,0,2,7,416,0.1156,29,""
turtle,square-60,15,1,7,508,0.1411,44,""
turtle,square-60,15,2,7,220,0.0611,16,""
turtle,square-60,30,1,7,436,0.1211,29,""
turtle,square-60,30,2,4,132,0.0367,7,""
turtle,square-60,45,1,7,512,0.1422,28,""
turtle,square-60,45,2,4,164,0.0456,10,""
turtle,square-60,60,1,7,464,0.1289,47,""
turtle,square-60,60,2,4,156,0.0433,10,""
turtle,square-60,75,1,7,504,0.1400,32,""
turtle,square-60,75,2,7,212,0.0589,17,""
turtle,square-60,90,1,7,728,0.2022,41,""
turtle,square-60,90,2,7,416,0.1156,28,""
turtle,square-60,105,1,7,508,0.1411,34,""
turtle,square-60,105,2,7,220,0.0611,17,""
turtle,square-60,120,1,7,436,0.1211,35,""
turtle,square-60,120,2,4,132,0.0367,7,""
turtle,square-60,135,1,7,512,0.1422,26,""
turtle,square-60,135,2,4,164,0.0456,10,""
turtle,square-60,150,1,7,464,0.1289,41,""
turtle,square-60,150,2,4,156,0.0433,14,""
turtle,square-60,165,1,7,504,0.1400,37,""
turtle,square-60,165,2,7,212,0.0589,17,""
turtle,portrait-72x120,0,1,7,1228,0.1421,75,""
turtle,portrait-72x120,0,2,7,648,0.0750,51,""
turtle,portrait-72x120,15,1,7,840,0.0972,57,""
turtle,portrait-72x120,15,2,7,460,0.0532,30,""
turtle,portrait-72x120,30,1,7,772,0.0894,61,""
turtle,portrait-72x120,30,2,7,412,0.0477,29,""
turtle,portrait-72x120,45,1,7,888,0.1028,54,""
turtle,portrait-72x120,45,2,7,464,0.0537,28,""
turtle,portrait-72x120,60,1,7,1080,0.1250,80,""
turtle,portrait-72x120,60,2,7,644,0.0745,49,""
turtle,portrait-72x120,75,1,7,1752,0.2028,128,""
turtle,portrait-72x120,75,2,7,1208,0.1398,86,""
turtle,portrait-72x120,90,1,7,3656,0.4231,239,""
turtle,portrait-72x120,90,2,7,3096,0.3583,215,""
turtle,portrait-72x120,105,1,7,1756,0.2032,110,""
turtle,portrait-72x120,105,2,7,1196,0.1384,70,""
turtle,portrait-72x120,120,1,7,1044,0.1208,67,""
turtle,portrait-72x120,120,2,7,640,0.0741,37,""
turtle,portrait-72x120,135,1,7,888,0.1028,61,""
turtle,portrait-72x120,135,2,7,464,0.0537,26,""
turtle,portrait-72x120,150,1,7,772,0.0894,54,""
turtle,portrait-72x120,150,2,7,412,0.0477,39,""
turtle,portrait-72x120,165,1,7,864,0.1000,55,""
turtle,portrait-72x120,165,2,7,464,0.0537,42,""
turtle,portrait-60x100,0,1,7,728,0.1213,48,""
turtle,portrait-60x100,0,2,7,416,0.0693,29,""
turtle,portrait-60x100,15,1,7,508,0.0847,44,""
turtle,portrait-60x100,15,2,7,220,0.0367,16,""
turtle,portrait-60x100,30,1,7,436,0.0727,29,""
turtle,portrait-60x100,30,2,4,132,0.0220,7,""
turtle,portrait-60x100,45,1,7,512,0.0853,28,""
turtle,portrait-60x100,45,2,4,164,0.0273,10,""
turtle,portrait-60x100,60,1,7,676,0.1127,53,""
turtle,portrait-60x100,60,2,7,336,0.0560,27,""
turtle,portrait-60x100,75,1,7,1108,0.1847,76,""
turtle,portrait-60x100,75,2,7,700,0.1167,43,""
turtle,portrait-60x100,90,1,7,2392,0.3987,143,""
turtle,portrait-60x100,90,2,7,1928,0.3213,149,""
turtle,portrait-60x100,105,1,7,1108,0.1847,72,""
turtle,portrait-60x100,105,2,7,672,0.1120,64,""
turtle,portrait-60x100,120,1,7,660,0.1100,45,""
turtle,portrait-60x100,120,2,7,288,0.0480,17,""
turtle,portrait-60x100,135,1,7,512,0.0853,26,""
turtle,portrait-60x100,135,2,4,164,0.0273,10,""
turtle,portrait-60x100,150,1,7,464,0.0773,41,""
turtle,portrait-60x100,150,2,4,156,0.0260,14,""
turtle,portrait-60x100,165,1,7,504,0.0840,37,""
turtle,portrait-60x100,165,2,7,212,0.0353,17,""
turtle,portrait-52x92,0,1,7,488,0.1020,44,""
turtle,portrait-52x92,0,2,2,64,0.0134,7,""
turtle,portrait-52x92,15,1,7,320,0.0669,19,""
turtle,portrait-52x92,15,2,2,52,0.0109,6,""
turtle,portrait-52x92,30,1,7,308,0.0644,21,""
turtle,portrait-52x92,30,2,0,0,0.0000,0,"repair: mask repair removed the entire region — the raw blob had no "
turtle,portrait-52x92,45,1,7,348,0.0727,26,""
turtle,portrait-52x92,45,2,1,20,0.0042,1,""
turtle,portrait-52x92,60,1,7,448,0.0936,30,""
turtle,portrait-52x92,60,2,4,136,0.0284,8,""
turtle,portrait-52x92,75,1,7,736,0.1538,49,""
turtle,portrait-52x92,75,2,7,408,0.0853,22,""
turtle,portrait-52x92,90,1,7,1844,0.3855,114,""
turtle,portrait-52x92,90,2,7,1276,0.2667,84,""
turtle,portrait-52x92,105,1,7,756,0.1580,72,""
turtle,portrait-52x92,105,2,7,444,0.0928,26,""
turtle,portrait-52x92,120,1,7,420,0.0878,24,""
turtle,portrait-52x92,120,2,4,104,0.0217,9,""
turtle,portrait-52x92,135,1,7,348,0.0727,29,""
turtle,portrait-52x92,135,2,1,20,0.0042,1,""
turtle,portrait-52x92,150,1,7,304,0.0635,20,""
turtle,portrait-52x92,150,2,0,0,0.0000,0,"repair: mask repair removed the entire region — the raw blob had no "
turtle,portrait-52x92,165,1,7,320,0.0669,23,""
turtle,portrait-52x92,165,2,2,40,0.0084,3,""