source,route,name,size,stroke,profile,inkCells,facesPre,facesPreLargest,regions,pathCells,segments,coverage,bendRate,dagDepth,failure
"lucide","line-art","apple",40,2,"default",221,1,688,1,744,47,1,0.4110512129380054,12,""
"lucide","line-art","apple",40,2,"authored",221,1,688,1,744,47,1,0.4110512129380054,12,""
"lucide","line-art","apple",40,3,"default",335,1,640,1,688,51,1,0.4067055393586006,9,""
"lucide","line-art","apple",40,3,"authored",335,1,640,1,688,51,1,0.4067055393586006,9,""
"lucide","line-art","apple",40,4,"default",443,1,592,1,652,44,1,0.41384615384615386,10,""
"lucide","line-art","apple",40,4,"authored",443,1,592,1,652,44,1,0.41384615384615386,10,""
"lucide","line-art","apple",40,6,"default",666,1,503,1,552,29,1,0.42363636363636364,6,""
"lucide","line-art","apple",40,6,"authored",666,1,503,1,552,29,1,0.42363636363636364,6,""
"lucide","line-art","apple",60,2,"default",331,1,1633,1,1720,102,1,0.40570430733410945,14,""
"lucide","line-art","apple",60,2,"authored",331,1,1633,1,1720,102,1,0.40570430733410945,14,""
"lucide","line-art","apple",60,3,"default",484,1,1542,1,1640,106,1,0.405982905982906,13,""
"lucide","line-art","apple",60,3,"authored",484,1,1542,1,1640,106,1,0.405982905982906,13,""
"lucide","line-art","apple",60,4,"default",657,1,1482,1,1584,114,1,0.3950695322376738,20,""
"lucide","line-art","apple",60,4,"authored",657,1,1482,1,1584,114,1,0.3950695322376738,20,""
"lucide","line-art","apple",60,6,"default",981,1,1339,1,1416,88,1,0.400990099009901,18,""
"lucide","line-art","apple",60,6,"authored",981,1,1339,1,1416,88,1,0.400990099009901,18,""
"lucide","line-art","apple",78,2,"default",437,1,2774,1,2884,191,1,0.4028452463566967,19,""
"lucide","line-art","apple",78,2,"authored",437,1,2774,1,2884,191,1,0.4028452463566967,19,""
"lucide","line-art","apple",78,3,"default",650,1,2689,1,2812,208,1,0.4081850533807829,23,""
"lucide","line-art","apple",78,3,"authored",650,1,2689,1,2812,208,1,0.4081850533807829,23,""
"lucide","line-art","apple",78,4,"default",881,1,2581,1,2700,179,1,0.4110452186805041,19,""
"lucide","line-art","apple",78,4,"authored",881,1,2581,1,2700,179,1,0.4110452186805041,19,""
"lucide","line-art","apple",78,6,"default",1302,1,2398,1,2500,163,1,0.40072057646116893,17,""
"lucide","line-art","apple",78,6,"authored",1302,1,2398,1,2500,163,1,0.40072057646116893,17,""
"lucide","line-art","apple",100,2,"default",561,1,4662,1,4828,341,1,0.40302527973477,33,""
"lucide","line-art","apple",100,2,"authored",561,1,4662,1,4828,341,1,0.40302527973477,33,""
"lucide","line-art","apple",100,3,"default",830,1,4535,1,4664,326,1,0.4013299013299013,26,""
"lucide","line-art","apple",100,3,"authored",830,1,4535,1,4664,326,1,0.4013299013299013,26,""
"lucide","line-art","apple",100,4,"default",1113,1,4419,1,4592,300,1,0.39760348583877997,25,""
"lucide","line-art","apple",100,4,"authored",1113,1,4419,1,4592,300,1,0.39760348583877997,25,""
"lucide","line-art","apple",100,6,"default",1681,1,4170,1,4320,299,1,0.3990273274664196,23,""
"lucide","line-art","apple",100,6,"authored",1681,1,4170,1,4320,299,1,0.3990273274664196,23,""
"lucide","line-art","banana",40,2,"default",263,2,140,1,328,21,1,0.3834355828220859,5,""
"lucide","line-art","banana",40,2,"authored",263,2,140,1,324,18,1,0.4254658385093168,6,""
"lucide","line-art","banana",40,3,"default",399,2,114,2,244,15,1,0.4166666666666667,7,""
"lucide","line-art","banana",40,3,"authored",399,2,114,2,244,15,1,0.4166666666666667,7,""
"lucide","line-art","banana",40,4,"default",516,2,91,2,172,12,1,0.4523809523809524,5,""
"lucide","line-art","banana",40,4,"authored",516,2,91,2,172,12,1,0.4523809523809524,5,""
"lucide","line-art","banana",40,6,"default",765,2,46,2,64,5,1,0.55,2,""
"lucide","line-art","banana",40,6,"authored",765,2,46,2,64,5,1,0.55,2,""
"lucide","line-art","banana",60,2,"default",397,2,368,1,764,67,1,0.39501312335958005,11,""
"lucide","line-art","banana",60,2,"authored",397,2,368,1,756,68,1,0.39655172413793105,10,""
"lucide","line-art","banana",60,3,"default",584,2,316,1,692,52,1,0.41884057971014493,8,""
"lucide","line-art","banana",60,3,"authored",584,2,316,2,688,48,1,0.43567251461988304,13,""
"lucide","line-art","banana",60,4,"default",794,2,273,2,584,44,1,0.40344827586206894,6,""
"lucide","line-art","banana",60,4,"authored",794,2,273,2,584,44,1,0.40344827586206894,6,""
"lucide","line-art","banana",60,6,"default",1175,2,201,2,416,22,1,0.4199029126213592,6,""
"lucide","line-art","banana",60,6,"authored",1175,2,201,2,416,22,1,0.4199029126213592,6,""
"lucide","line-art","banana",78,2,"default",519,2,644,1,1312,99,1,0.4083969465648855,10,""
"lucide","line-art","banana",78,2,"authored",519,2,644,1,1304,86,1,0.3955453149001536,11,""
"lucide","line-art","banana",78,3,"default",793,2,586,1,1208,85,1,0.4087893864013267,11,""
"lucide","line-art","banana",78,3,"authored",793,2,586,2,1188,99,1,0.40202702702702703,10,""
"lucide","line-art","banana",78,4,"default",1030,2,531,2,1076,65,1,0.416044776119403,10,""
"lucide","line-art","banana",78,4,"authored",1030,2,531,2,1076,65,1,0.416044776119403,10,""
"lucide","line-art","banana",78,6,"default",1539,2,417,2,856,65,1,0.41784037558685444,6,""
"lucide","line-art","banana",78,6,"authored",1539,2,417,2,856,65,1,0.41784037558685444,6,""
"lucide","line-art","banana",100,2,"default",664,2,1117,1,2232,162,1,0.41659192825112107,14,""
"lucide","line-art","banana",100,2,"authored",664,2,1117,1,2220,150,1,0.4053201082055906,12,""
"lucide","line-art","banana",100,3,"default",1002,2,1029,1,2092,137,1,0.391866028708134,16,""
"lucide","line-art","banana",100,3,"authored",1002,2,1029,1,2064,142,1,0.4165858389912706,13,""
"lucide","line-art","banana",100,4,"default",1318,2,970,2,1904,136,1,0.4047368421052632,14,""
"lucide","line-art","banana",100,4,"authored",1318,2,970,2,1904,136,1,0.4047368421052632,14,""
"lucide","line-art","banana",100,6,"default",1996,2,820,2,1640,116,1,0.4070904645476773,16,""
"lucide","line-art","banana",100,6,"authored",1996,2,820,2,1640,116,1,0.4070904645476773,16,""
"lucide","line-art","bike",40,2,"default",227,3,74,2,168,12,1,0.3902439024390244,3,""
"lucide","line-art","bike",40,2,"authored",227,3,74,2,168,12,1,0.3902439024390244,3,""
"lucide","line-art","bike",40,3,"default",333,2,57,2,168,12,1,0.3902439024390244,3,""
"lucide","line-art","bike",40,3,"authored",333,2,57,2,168,12,1,0.3902439024390244,3,""
"lucide","line-art","bike",40,4,"default",459,2,50,2,144,18,1,0.5,5,""
"lucide","line-art","bike",40,4,"authored",459,2,50,2,144,18,1,0.5,5,""
"lucide","line-art","bike",40,6,"default",679,5,28,2,40,3,1,0.6111111111111112,2,""
"lucide","line-art","bike",40,6,"authored",679,5,28,2,40,3,1,0.6111111111111112,2,""
"lucide","line-art","bike",60,2,"default",334,3,185,2,432,22,1,0.4182242990654206,8,""
"lucide","line-art","bike",60,2,"authored",334,3,185,2,432,22,1,0.4182242990654206,8,""
"lucide","line-art","bike",60,3,"default",497,3,163,2,392,23,1,0.422680412371134,7,""
"lucide","line-art","bike",60,3,"authored",497,3,163,2,392,23,1,0.422680412371134,7,""
"lucide","line-art","bike",60,4,"default",681,3,139,2,312,18,1,0.4025974025974026,5,""
"lucide","line-art","bike",60,4,"authored",681,3,139,2,312,18,1,0.4025974025974026,5,""
"lucide","line-art","bike",60,6,"default",1045,4,99,2,256,15,1,0.4126984126984127,8,""
"lucide","line-art","bike",60,6,"authored",1045,4,99,2,256,15,1,0.4126984126984127,8,""
"lucide","line-art","bike",78,2,"default",452,3,331,2,736,55,1,0.40846994535519127,8,""
"lucide","line-art","bike",78,2,"authored",452,3,331,2,736,55,1,0.40846994535519127,8,""
"lucide","line-art","bike",78,3,"default",678,3,297,2,664,59,1,0.4106060606060606,12,""
"lucide","line-art","bike",78,3,"authored",678,3,297,2,664,59,1,0.4106060606060606,12,""
"lucide","line-art","bike",78,4,"default",895,3,269,2,616,46,1,0.4133986928104575,11,""
"lucide","line-art","bike",78,4,"authored",895,3,269,2,616,46,1,0.4133986928104575,11,""
"lucide","line-art","bike",78,6,"default",1366,2,213,2,480,27,1,0.39705882352941174,7,""
"lucide","line-art","bike",78,6,"authored",1366,2,213,2,480,27,1,0.39705882352941174,7,""
"lucide","line-art","bike",100,2,"default",555,3,580,3,1256,88,1,0.4296,14,""
"lucide","line-art","bike",100,2,"authored",555,3,580,3,1256,88,1,0.4296,14,""
"lucide","line-art","bike",100,3,"default",836,3,538,3,1180,89,1,0.403747870528109,15,""
"lucide","line-art","bike",100,3,"authored",836,3,538,3,1180,89,1,0.403747870528109,15,""
"lucide","line-art","bike",100,4,"default",1170,3,491,3,1116,81,1,0.40540540540540543,21,""
"lucide","line-art","bike",100,4,"authored",1170,3,491,3,1116,81,1,0.40540540540540543,21,""
"lucide","line-art","bike",100,6,"default",1717,3,421,2,920,68,1,0.4148471615720524,11,""
"lucide","line-art","bike",100,6,"authored",1717,3,421,2,920,68,1,0.4148471615720524,11,""
"lucide","line-art","bird",40,2,"default",251,2,201,1,352,21,1,0.42,6,""
"lucide","line-art","bird",40,2,"authored",251,2,201,1,348,23,1,0.4190751445086705,5,""
"lucide","line-art","bird",40,3,"default",365,2,169,2,272,21,1,0.4253731343283582,6,""
"lucide","line-art","bird",40,3,"authored",365,2,169,2,272,21,1,0.4253731343283582,6,""
"lucide","line-art","bird",40,4,"default",474,2,135,2,248,14,1,0.4426229508196721,6,""
"lucide","line-art","bird",40,4,"authored",474,2,135,2,244,22,1,0.4583333333333333,6,""
"lucide","line-art","bird",40,6,"default",706,5,64,2,84,9,1,0.475,5,""
"lucide","line-art","bird",40,6,"authored",706,5,64,2,84,9,1,0.475,5,""
"lucide","line-art","bird",60,2,"default",355,2,529,1,888,65,1,0.39164785553047404,13,""
"lucide","line-art","bird",60,2,"authored",355,2,529,1,884,66,1,0.3956916099773243,13,""
"lucide","line-art","bird",60,3,"default",526,2,463,1,816,48,1,0.37714987714987713,11,""
"lucide","line-art","bird",60,3,"authored",526,2,463,1,780,63,1,0.397172236503856,9,""
"lucide","line-art","bird",60,4,"default",723,2,418,2,688,41,1,0.4415204678362573,5,""
"lucide","line-art","bird",60,4,"authored",723,2,418,2,680,40,1,0.4230769230769231,7,""
"lucide","line-art","bird",60,6,"default",1065,2,312,2,544,26,1,0.4,8,""
"lucide","line-art","bird",60,6,"authored",1065,2,312,2,528,34,1,0.4198473282442748,7,""
"lucide","line-art","bird",78,2,"default",457,2,914,1,1524,107,1,0.4080157687253614,13,""
"lucide","line-art","bird",78,2,"authored",457,2,914,1,1516,115,1,0.40885072655217963,15,""
"lucide","line-art","bird",78,3,"default",719,2,840,1,1404,99,1,0.41012838801711843,13,""
"lucide","line-art","bird",78,3,"authored",719,2,840,2,1380,87,1,0.41424418604651164,9,""
"lucide","line-art","bird",78,4,"default",929,2,779,2,1252,78,1,0.40865384615384615,17,""
"lucide","line-art","bird",78,4,"authored",929,2,779,2,1244,72,1,0.4032258064516129,10,""
"lucide","line-art","bird",78,6,"default",1402,2,637,2,1052,61,1,0.3950381679389313,10,""
"lucide","line-art","bird",78,6,"authored",1402,2,637,2,1036,71,1,0.40891472868217055,9,""
"lucide","line-art","bird",100,2,"default",631,3,1553,1,2484,163,1,0.4089443996776793,18,""
"lucide","line-art","bird",100,2,"authored",631,3,1553,1,2464,160,1,0.4065800162469537,26,""
"lucide","line-art","bird",100,3,"default",910,2,1471,1,2408,181,1,0.40523690773067333,19,""
"lucide","line-art","bird",100,3,"authored",910,2,1471,1,2336,144,1,0.41602399314481575,15,""
"lucide","line-art","bird",100,4,"default",1239,2,1362,2,2200,147,1,0.4116575591985428,18,""
"lucide","line-art","bird",100,4,"authored",1239,2,1362,2,2196,127,1,0.4096715328467153,13,""
"lucide","line-art","bird",100,6,"default",1831,2,1190,2,1868,118,1,0.41630901287553645,17,""
"lucide","line-art","bird",100,6,"authored",1831,2,1190,2,1868,118,1,0.41630901287553645,17,""
"lucide","line-art","car",40,2,"default",234,3,332,1,368,25,1,0.42896174863387976,9,""
"lucide","line-art","car",40,2,"authored",234,3,332,1,368,25,1,0.42896174863387976,9,""
"lucide","line-art","car",40,3,"default",340,3,298,1,356,21,1,0.4322033898305085,6,""
"lucide","line-art","car",40,3,"authored",340,3,298,1,356,21,1,0.4322033898305085,6,""
"lucide","line-art","car",40,4,"default",438,3,250,1,280,13,1,0.4064748201438849,3,""
"lucide","line-art","car",40,4,"authored",438,3,250,1,280,13,1,0.4064748201438849,3,""
"lucide","line-art","car",40,6,"default",647,1,167,1,192,16,1,0.4368421052631579,3,""
"lucide","line-art","car",40,6,"authored",647,1,167,1,192,16,1,0.4368421052631579,3,""
"lucide","line-art","car",60,2,"default",320,3,842,1,1004,70,1,0.4121756487025948,16,""
"lucide","line-art","car",60,2,"authored",320,3,842,1,996,76,1,0.3993963782696177,10,""
"lucide","line-art","car",60,3,"default",485,3,773,1,980,67,1,0.39161554192229037,12,""
"lucide","line-art","car",60,3,"authored",485,3,773,3,948,70,1,0.39596602972399153,9,""
"lucide","line-art","car",60,4,"default",645,3,714,3,844,70,1,0.4116945107398568,13,""
"lucide","line-art","car",60,4,"authored",645,3,714,3,844,70,1,0.4116945107398568,13,""
"lucide","line-art","car",60,6,"default",963,3,585,1,612,39,1,0.40491803278688526,13,""
"lucide","line-art","car",60,6,"authored",963,3,585,1,612,39,1,0.40491803278688526,13,""
"lucide","line-art","car",78,2,"default",422,3,1458,1,1792,127,1,0.411731843575419,16,""
"lucide","line-art","car",78,2,"authored",422,3,1458,1,1760,116,1,0.4180887372013652,15,""
"lucide","line-art","car",78,3,"default",668,3,1378,1,1632,114,1,0.4116564417177914,15,""
"lucide","line-art","car",78,3,"authored",668,3,1378,3,1600,102,1,0.4090338770388959,10,""
"lucide","line-art","car",78,4,"default",875,3,1261,3,1532,124,1,0.41939711664482304,14,""
"lucide","line-art","car",78,4,"authored",875,3,1261,3,1532,124,1,0.41939711664482304,14,""
"lucide","line-art","car",78,6,"default",1271,3,1107,3,1272,83,1,0.4107424960505529,12,""
"lucide","line-art","car",78,6,"authored",1271,3,1107,3,1272,83,1,0.4107424960505529,12,""
"lucide","line-art","car",100,2,"default",576,3,2482,1,2984,207,1,0.4027498323272971,18,""
"lucide","line-art","car",100,2,"authored",576,3,2482,1,2944,184,1,0.40278721957851804,18,""
"lucide","line-art","car",100,3,"default",859,3,2320,1,2808,173,1,0.3937990021382751,23,""
"lucide","line-art","car",100,3,"authored",859,3,2320,1,2792,186,1,0.4075268817204301,20,""
"lucide","line-art","car",100,4,"default",1145,3,2254,3,2692,176,1,0.4177215189873418,15,""
"lucide","line-art","car",100,4,"authored",1145,3,2254,3,2692,176,1,0.4177215189873418,15,""
"lucide","line-art","car",100,6,"default",1701,3,2018,3,2276,162,1,0.3933920704845815,14,""
"lucide","line-art","car",100,6,"authored",1701,3,2018,3,2276,162,1,0.3933920704845815,14,""
"lucide","line-art","carrot",40,2,"default",261,3,246,1,388,27,1,0.4170984455958549,7,""
"lucide","line-art","carrot",40,2,"authored",261,3,246,3,376,30,1,0.45675675675675675,6,""
"lucide","line-art","carrot",40,3,"default",376,3,207,3,296,19,1,0.4517241379310345,5,""
"lucide","line-art","carrot",40,3,"authored",376,3,207,3,288,22,1,0.4716312056737589,6,""
"lucide","line-art","carrot",40,4,"default",503,3,158,1,196,16,1,0.4484536082474227,4,""
"lucide","line-art","carrot",40,4,"authored",503,3,158,1,196,16,1,0.4484536082474227,4,""
"lucide","line-art","carrot",40,6,"default",701,1,87,3,80,6,1,0.581081081081081,2,""
"lucide","line-art","carrot",40,6,"authored",701,1,87,3,80,6,1,0.581081081081081,2,""
"lucide","line-art","carrot",60,2,"default",381,3,641,1,924,57,1,0.41106290672451196,7,""
"lucide","line-art","carrot",60,2,"authored",381,3,641,1,916,63,1,0.4102844638949672,13,""
"lucide","line-art","carrot",60,3,"default",574,3,566,3,820,62,1,0.40294840294840295,14,""
"lucide","line-art","carrot",60,3,"authored",574,3,566,3,800,51,1,0.4080604534005038,8,""
"lucide","line-art","carrot",60,4,"default",791,3,478,3,652,49,1,0.44272445820433437,9,""
"lucide","line-art","carrot",60,4,"authored",791,3,478,3,652,49,1,0.44272445820433437,9,""
"lucide","line-art","carrot",60,6,"default",1100,3,372,1,424,32,1,0.4194312796208531,7,""
"lucide","line-art","carrot",60,6,"authored",1100,3,372,1,424,32,1,0.4194312796208531,7,""
"lucide","line-art","carrot",78,2,"default",530,3,1123,1,1600,108,1,0.399874843554443,10,""
"lucide","line-art","carrot",78,2,"authored",530,3,1123,3,1580,120,1,0.4142312579415502,15,""
"lucide","line-art","carrot",78,3,"default",766,3,1049,1,1488,102,1,0.42193808882907136,14,""
"lucide","line-art","carrot",78,3,"authored",766,3,1049,3,1452,98,1,0.4094052558782849,11,""
"lucide","line-art","carrot",78,4,"default",1032,3,931,3,1304,94,1,0.41987673343605547,11,""
"lucide","line-art","carrot",78,4,"authored",1032,3,931,3,1304,94,1,0.41987673343605547,11,""
"lucide","line-art","carrot",78,6,"default",1457,3,782,3,1020,71,1,0.4329388560157791,14,""
"lucide","line-art","carrot",78,6,"authored",1457,3,782,3,1020,71,1,0.4329388560157791,14,""
"lucide","line-art","carrot",100,2,"default",676,4,1913,1,2692,208,1,0.4211895910780669,16,""
"lucide","line-art","carrot",100,2,"authored",676,4,1913,2,2656,170,1,0.4057315233785822,16,""
"lucide","line-art","carrot",100,3,"default",1017,3,1795,2,2524,201,1,0.3968253968253968,17,""
"lucide","line-art","carrot",100,3,"authored",1017,3,1795,3,2480,146,1,0.4147130153597413,12,""
"lucide","line-art","carrot",100,4,"default",1320,3,1683,3,2316,148,1,0.4134199134199134,15,""
"lucide","line-art","carrot",100,4,"authored",1320,3,1683,3,2296,146,1,0.41441048034934497,19,""
"lucide","line-art","carrot",100,6,"default",1925,3,1452,3,1956,114,1,0.4235897435897436,13,""
"lucide","line-art","carrot",100,6,"authored",1925,3,1452,3,1956,114,1,0.4235897435897436,13,""
"lucide","line-art","cat",40,2,"default",241,1,636,1,696,51,1,0.4164265129682997,7,""
"lucide","line-art","cat",40,2,"authored",241,1,636,1,688,48,1,0.42128279883381925,9,""
"lucide","line-art","cat",40,3,"default",364,1,559,1,656,40,1,0.3929663608562691,6,""
"lucide","line-art","cat",40,3,"authored",364,1,559,1,632,47,1,0.3952380952380952,8,""
"lucide","line-art","cat",40,4,"default",492,1,499,1,612,42,1,0.3983606557377049,11,""
"lucide","line-art","cat",40,4,"authored",492,1,499,1,580,38,1,0.4031141868512111,9,""
"lucide","line-art","cat",40,6,"default",789,1,336,3,368,23,1,0.4613259668508287,5,""
"lucide","line-art","cat",40,6,"authored",789,1,336,3,368,23,1,0.4613259668508287,5,""
"lucide","line-art","cat",60,2,"default",345,1,1513,1,1640,136,1,0.3962148962148962,23,""
"lucide","line-art","cat",60,2,"authored",345,1,1513,1,1632,112,1,0.405521472392638,13,""
"lucide","line-art","cat",60,3,"default",537,1,1431,1,1584,125,1,0.4026548672566372,15,""
"lucide","line-art","cat",60,3,"authored",537,1,1431,1,1576,111,1,0.3970775095298602,12,""
"lucide","line-art","cat",60,4,"default",717,1,1318,1,1444,89,1,0.41123439667128986,12,""
"lucide","line-art","cat",60,4,"authored",717,1,1318,1,1412,103,1,0.4078014184397163,19,""
"lucide","line-art","cat",60,6,"default",1118,1,1099,1,1236,97,1,0.40437601296596437,14,""
"lucide","line-art","cat",60,6,"authored",1118,1,1099,1,1236,97,1,0.40437601296596437,14,""
"lucide","line-art","cat",78,2,"default",462,1,2647,1,2816,188,1,0.40405117270788915,18,""
"lucide","line-art","cat",78,2,"authored",462,1,2647,1,2800,201,1,0.4035025017869907,21,""
"lucide","line-art","cat",78,3,"default",704,1,2524,1,2696,191,1,0.39606533036377134,22,""
"lucide","line-art","cat",78,3,"authored",704,1,2524,1,2680,187,1,0.39469753547423453,21,""
"lucide","line-art","cat",78,4,"default",944,1,2394,1,2540,177,1,0.4022852639873917,19,""
"lucide","line-art","cat",78,4,"authored",944,1,2394,1,2508,172,1,0.40422984836392656,20,""
"lucide","line-art","cat",78,6,"default",1433,1,2131,1,2296,157,1,0.4067131647776809,21,""
"lucide","line-art","cat",78,6,"authored",1433,1,2131,1,2296,157,1,0.4067131647776809,21,""
"lucide","line-art","cat",100,2,"default",595,1,4423,1,4616,340,1,0.39986996098829647,32,""
"lucide","line-art","cat",100,2,"authored",595,1,4423,1,4600,314,1,0.4030013049151805,30,""
"lucide","line-art","cat",100,3,"default",876,1,4299,1,4496,292,1,0.40654205607476634,28,""
"lucide","line-art","cat",100,3,"authored",876,1,4299,1,4480,327,1,0.4030817329164806,26,""
"lucide","line-art","cat",100,4,"default",1184,1,4120,1,4340,294,1,0.40318118948824344,26,""
"lucide","line-art","cat",100,4,"authored",1184,1,4120,1,4324,293,1,0.4018972697825081,36,""
"lucide","line-art","cat",100,6,"default",1813,1,3783,1,3972,240,1,0.3952141057934509,21,""
"lucide","line-art","cat",100,6,"authored",1813,1,3783,1,3972,240,1,0.3952141057934509,21,""
"lucide","line-art","cherry",40,2,"default",351,4,145,2,540,35,1,0.41044776119402987,6,""
"lucide","line-art","cherry",40,2,"authored",351,4,145,2,524,31,1,0.4307692307692308,10,""
"lucide","line-art","cherry",40,3,"default",487,4,124,4,416,39,1,0.4166666666666667,6,""
"lucide","line-art","cherry",40,3,"authored",487,4,124,4,416,39,1,0.4166666666666667,6,""
"lucide","line-art","cherry",40,4,"default",641,5,107,3,324,26,1,0.42452830188679247,5,""
"lucide","line-art","cherry",40,4,"authored",641,5,107,3,324,26,1,0.42452830188679247,5,""
"lucide","line-art","cherry",40,6,"default",905,3,70,3,208,17,1,0.4801980198019802,5,""
"lucide","line-art","cherry",40,6,"authored",905,3,70,3,208,17,1,0.4801980198019802,5,""
"lucide","line-art","cherry",60,2,"default",518,4,374,1,1288,92,1,0.42068429237947125,14,""
"lucide","line-art","cherry",60,2,"authored",518,4,374,2,1276,72,1,0.42138364779874216,14,""
"lucide","line-art","cherry",60,3,"default",769,4,326,2,1140,77,1,0.4242957746478873,11,""
"lucide","line-art","cherry",60,3,"authored",769,4,326,4,1132,67,1,0.42437722419928825,7,""
"lucide","line-art","cherry",60,4,"default",1017,5,296,4,1000,68,1,0.4223790322580645,9,""
"lucide","line-art","cherry",60,4,"authored",1017,5,296,4,1000,68,1,0.4223790322580645,9,""
"lucide","line-art","cherry",60,6,"default",1451,4,238,4,724,59,1,0.39664804469273746,13,""
"lucide","line-art","cherry",60,6,"authored",1451,4,238,4,724,59,1,0.39664804469273746,13,""
"lucide","line-art","cherry",78,2,"default",683,4,649,1,2216,146,1,0.4069557362240289,12,""
"lucide","line-art","cherry",78,2,"authored",683,4,649,2,2196,159,1,0.4215328467153285,17,""
"lucide","line-art","cherry",78,3,"default",1004,4,604,2,2060,150,1,0.4056420233463035,13,""
"lucide","line-art","cherry",78,3,"authored",1004,4,604,2,2052,151,1,0.427734375,16,""
"lucide","line-art","cherry",78,4,"default",1321,4,558,4,1884,134,1,0.4275053304904051,20,""
"lucide","line-art","cherry",78,4,"authored",1321,4,558,4,1884,134,1,0.4275053304904051,20,""
"lucide","line-art","cherry",78,6,"default",1920,5,473,4,1468,90,1,0.4178082191780822,9,""
"lucide","line-art","cherry",78,6,"authored",1920,5,473,4,1468,90,1,0.4178082191780822,9,""
"lucide","line-art","cherry",100,2,"default",891,6,1103,1,3784,263,1,0.41168693812797463,21,""
"lucide","line-art","cherry",100,2,"authored",891,6,1103,1,3736,252,1,0.41108730583824316,25,""
"lucide","line-art","cherry",100,3,"default",1343,5,1040,2,3496,233,1,0.4066437571592211,22,""
"lucide","line-art","cherry",100,3,"authored",1343,5,1040,3,3456,247,1,0.4,26,""
"lucide","line-art","cherry",100,4,"default",1715,4,992,4,3260,240,1,0.4040590405904059,18,""
"lucide","line-art","cherry",100,4,"authored",1715,4,992,4,3260,240,1,0.4040590405904059,18,""
"lucide","line-art","cherry",100,6,"default",2507,4,881,4,2812,204,1,0.4122681883024251,22,""
"lucide","line-art","cherry",100,6,"authored",2507,4,881,4,2812,204,1,0.4122681883024251,22,""
"lucide","line-art","croissant",40,2,"default",300,5,215,1,508,25,1,0.4090909090909091,6,""
"lucide","line-art","croissant",40,2,"authored",300,5,215,1,508,25,1,0.4090909090909091,6,""
"lucide","line-art","croissant",40,3,"default",433,5,187,1,432,19,1,0.4069767441860465,8,""
"lucide","line-art","croissant",40,3,"authored",433,5,187,3,416,26,1,0.4292682926829268,6,""
"lucide","line-art","croissant",40,4,"default",575,5,156,3,300,24,1,0.46598639455782315,6,""
"lucide","line-art","croissant",40,4,"authored",575,5,156,3,300,24,1,0.46598639455782315,6,""
"lucide","line-art","croissant",40,6,"default",819,3,106,3,172,17,1,0.4879518072289157,3,""
"lucide","line-art","croissant",40,6,"authored",819,3,106,3,172,17,1,0.4879518072289157,3,""
"lucide","line-art","croissant",60,2,"default",463,5,534,3,1204,78,1,0.41235392320534225,14,""
"lucide","line-art","croissant",60,2,"authored",463,5,534,3,1180,77,1,0.4028960817717206,9,""
"lucide","line-art","croissant",60,3,"default",671,5,481,3,1068,73,1,0.416195856873823,10,""
"lucide","line-art","croissant",60,3,"authored",671,5,481,5,1028,61,1,0.41453831041257366,6,""
"lucide","line-art","croissant",60,4,"default",900,5,441,5,924,68,1,0.42778993435448576,9,""
"lucide","line-art","croissant",60,4,"authored",900,5,441,5,924,68,1,0.42778993435448576,9,""
"lucide","line-art","croissant",60,6,"default",1305,5,352,3,596,36,1,0.4135593220338983,5,""
"lucide","line-art","croissant",60,6,"authored",1305,5,352,3,596,36,1,0.4135593220338983,5,""
"lucide","line-art","croissant",78,2,"default",596,5,934,1,2176,135,1,0.4043238270469181,17,""
"lucide","line-art","croissant",78,2,"authored",596,5,934,1,2144,155,1,0.4066293183940243,13,""
"lucide","line-art","croissant",78,3,"default",904,5,874,3,2000,147,1,0.4102306920762287,17,""
"lucide","line-art","croissant",78,3,"authored",904,5,874,3,1936,138,1,0.41243523316062175,17,""
"lucide","line-art","croissant",78,4,"default",1175,5,814,5,1684,89,1,0.41397849462365593,13,""
"lucide","line-art","croissant",78,4,"authored",1175,5,814,5,1684,89,1,0.41397849462365593,13,""
"lucide","line-art","croissant",78,6,"default",1715,5,692,5,1404,103,1,0.4218077474892396,11,""
"lucide","line-art","croissant",78,6,"authored",1715,5,692,5,1404,103,1,0.4218077474892396,11,""
"lucide","line-art","croissant",100,2,"default",787,5,1587,3,3516,227,1,0.40541310541310543,21,""
"lucide","line-art","croissant",100,2,"authored",787,5,1587,3,3484,224,1,0.40281771132834965,21,""
"lucide","line-art","croissant",100,3,"default",1143,5,1503,3,3368,222,1,0.4033313503866746,27,""
"lucide","line-art","croissant",100,3,"authored",1143,5,1503,5,3264,198,1,0.3945912722802704,17,""
"lucide","line-art","croissant",100,4,"default",1530,5,1432,5,3144,211,1,0.40108487555839184,18,""
"lucide","line-art","croissant",100,4,"authored",1530,5,1432,5,3144,211,1,0.40108487555839184,18,""
"lucide","line-art","croissant",100,6,"default",2265,5,1267,5,2536,158,1,0.4105304829770388,14,""
"lucide","line-art","croissant",100,6,"authored",2265,5,1267,5,2536,158,1,0.4105304829770388,14,""
"lucide","line-art","egg",40,2,"default",187,1,594,1,632,37,1,0.3952380952380952,9,""
"lucide","line-art","egg",40,2,"authored",187,1,594,1,632,37,1,0.3952380952380952,9,""
"lucide","line-art","egg",40,3,"default",282,1,549,1,608,34,1,0.4141914191419142,9,""
"lucide","line-art","egg",40,3,"authored",282,1,549,1,608,34,1,0.4141914191419142,9,""
"lucide","line-art","egg",40,4,"default",367,1,513,1,584,38,1,0.4106529209621993,9,""
"lucide","line-art","egg",40,4,"authored",367,1,513,1,584,38,1,0.4106529209621993,9,""
"lucide","line-art","egg",40,6,"default",572,1,426,1,480,31,1,0.40376569037656906,5,""
"lucide","line-art","egg",40,6,"authored",572,1,426,1,480,31,1,0.40376569037656906,5,""
"lucide","line-art","egg",60,2,"default",286,1,1404,1,1488,89,1,0.4004037685060565,14,""
"lucide","line-art","egg",60,2,"authored",286,1,1404,1,1488,89,1,0.4004037685060565,14,""
"lucide","line-art","egg",60,3,"default",434,1,1318,1,1400,98,1,0.3955650929899857,12,""
"lucide","line-art","egg",60,3,"authored",434,1,1318,1,1400,98,1,0.3955650929899857,12,""
"lucide","line-art","egg",60,4,"default",554,1,1278,1,1360,109,1,0.41310751104565535,16,""
"lucide","line-art","egg",60,4,"authored",554,1,1278,1,1360,109,1,0.41310751104565535,16,""
"lucide","line-art","egg",60,6,"default",842,1,1150,1,1232,90,1,0.4121951219512195,14,""
"lucide","line-art","egg",60,6,"authored",842,1,1150,1,1232,90,1,0.4121951219512195,14,""
"lucide","line-art","egg",78,2,"default",370,1,2417,1,2512,164,1,0.4131474103585657,14,""
"lucide","line-art","egg",78,2,"authored",370,1,2417,1,2512,164,1,0.4131474103585657,14,""
"lucide","line-art","egg",78,3,"default",558,1,2328,1,2428,147,1,0.39530090684253916,22,""
"lucide","line-art","egg",78,3,"authored",558,1,2328,1,2428,147,1,0.39530090684253916,22,""
"lucide","line-art","egg",78,4,"default",726,1,2253,1,2368,157,1,0.3960270498732037,19,""
"lucide","line-art","egg",78,4,"authored",726,1,2253,1,2368,157,1,0.3960270498732037,19,""
"lucide","line-art","egg",78,6,"default",1102,1,2081,1,2140,152,1,0.41206735266604305,25,""
"lucide","line-art","egg",78,6,"authored",1102,1,2081,1,2140,152,1,0.41206735266604305,25,""
"lucide","line-art","egg",100,2,"default",453,1,4060,1,4208,306,1,0.40252020922491677,31,""
"lucide","line-art","egg",100,2,"authored",453,1,4060,1,4208,306,1,0.40252020922491677,31,""
"lucide","line-art","egg",100,3,"default",701,1,3942,1,4056,258,1,0.40034533793783916,20,""
"lucide","line-art","egg",100,3,"authored",701,1,3942,1,4056,258,1,0.40034533793783916,20,""
"lucide","line-art","egg",100,4,"default",938,1,3828,1,3984,275,1,0.4025615268709191,26,""
"lucide","line-art","egg",100,4,"authored",938,1,3828,1,3984,275,1,0.4025615268709191,26,""
"lucide","line-art","egg",100,6,"default",1412,1,3601,1,3712,225,1,0.4110512129380054,25,""
"lucide","line-art","egg",100,6,"authored",1412,1,3601,1,3712,225,1,0.4110512129380054,25,""
"lucide","line-art","fish",40,2,"default",353,5,136,1,516,36,1,0.42996108949416345,6,""
"lucide","line-art","fish",40,2,"authored",353,5,136,1,496,30,1,0.4190283400809717,8,""
"lucide","line-art","fish",40,3,"default",501,5,109,2,360,23,1,0.42134831460674155,4,""
"lucide","line-art","fish",40,3,"authored",501,5,109,3,344,32,1,0.4467455621301775,7,""
"lucide","line-art","fish",40,4,"default",678,5,91,5,208,14,1,0.4898989898989899,5,""
"lucide","line-art","fish",40,4,"authored",678,5,91,5,208,14,1,0.4898989898989899,5,""
"lucide","line-art","fish",40,6,"default",970,9,48,1,56,4,1,0.5370370370370371,2,""
"lucide","line-art","fish",40,6,"authored",970,9,48,1,56,4,1,0.5370370370370371,2,""
"lucide","line-art","fish",60,2,"default",524,5,352,1,1228,88,1,0.4102773246329527,12,""
"lucide","line-art","fish",60,2,"authored",524,5,352,1,1200,100,1,0.41652754590984975,14,""
"lucide","line-art","fish",60,3,"default",795,5,311,3,1080,68,1,0.4245810055865922,13,""
"lucide","line-art","fish",60,3,"authored",795,5,311,3,1076,64,1,0.42149532710280374,12,""
"lucide","line-art","fish",60,4,"default",1033,5,268,5,940,63,1,0.42795698924731185,10,""
"lucide","line-art","fish",60,4,"authored",1033,5,268,5,932,79,1,0.43058568329718006,11,""
"lucide","line-art","fish",60,6,"default",1492,5,199,3,540,38,1,0.42134831460674155,10,""
"lucide","line-art","fish",60,6,"authored",1492,5,199,3,540,38,1,0.42134831460674155,10,""
"lucide","line-art","fish",78,2,"default",687,5,628,1,2220,160,1,0.4080252479711452,19,""
"lucide","line-art","fish",78,2,"authored",687,5,628,1,2196,167,1,0.4015496809480401,17,""
"lucide","line-art","fish",78,3,"default",1055,5,564,2,2012,134,1,0.4098605577689243,13,""
"lucide","line-art","fish",78,3,"authored",1055,5,564,4,1952,131,1,0.41872427983539096,12,""
"lucide","line-art","fish",78,4,"default",1362,5,519,5,1728,131,1,0.41850989522700816,21,""
"lucide","line-art","fish",78,4,"authored",1362,5,519,5,1720,113,1,0.4099415204678363,14,""
"lucide","line-art","fish",78,6,"default",1999,5,425,5,1376,95,1,0.4172767203513909,12,""
"lucide","line-art","fish",78,6,"authored",1999,5,425,5,1376,95,1,0.4172767203513909,12,""
"lucide","line-art","fish",100,2,"default",874,5,1067,1,3716,212,1,0.3992999461497038,18,""
"lucide","line-art","fish",100,2,"authored",874,5,1067,1,3664,280,1,0.3984161660294921,23,""
"lucide","line-art","fish",100,3,"default",1358,5,987,2,3404,228,1,0.3991176470588235,22,""
"lucide","line-art","fish",100,3,"authored",1358,5,987,4,3356,208,1,0.4020310633213859,17,""
"lucide","line-art","fish",100,4,"default",1727,5,928,5,3136,195,1,0.4161868202175304,20,""
"lucide","line-art","fish",100,4,"authored",1727,5,928,5,3124,225,1,0.41490044958253053,16,""
"lucide","line-art","fish",100,6,"default",2587,5,798,5,2600,163,1,0.42046332046332047,20,""
"lucide","line-art","fish",100,6,"authored",2587,5,798,5,2600,163,1,0.42046332046332047,20,""
"lucide","line-art","ghost",40,2,"default",244,1,604,1,632,38,1,0.3825396825396825,10,""
"lucide","line-art","ghost",40,2,"authored",244,1,604,1,624,36,1,0.41318327974276525,9,""
"lucide","line-art","ghost",40,3,"default",371,1,562,1,624,47,1,0.41318327974276525,10,""
"lucide","line-art","ghost",40,3,"authored",371,1,562,1,616,39,1,0.40879478827361565,11,""
"lucide","line-art","ghost",40,4,"default",491,1,486,1,576,25,1,0.44076655052264807,9,""
"lucide","line-art","ghost",40,4,"authored",491,1,486,1,568,34,1,0.4081272084805654,11,""
"lucide","line-art","ghost",40,6,"default",747,1,364,1,400,20,1,0.4547738693467337,7,""
"lucide","line-art","ghost",40,6,"authored",747,1,364,1,400,20,1,0.4547738693467337,7,""
"lucide","line-art","ghost",60,2,"default",357,1,1486,1,1608,109,1,0.4140722291407223,17,""
"lucide","line-art","ghost",60,2,"authored",357,1,1486,1,1608,109,1,0.4140722291407223,17,""
"lucide","line-art","ghost",60,3,"default",518,1,1409,1,1536,105,1,0.38657105606258146,14,""
"lucide","line-art","ghost",60,3,"authored",518,1,1409,1,1528,103,1,0.3951507208387942,16,""
"lucide","line-art","ghost",60,4,"default",714,1,1312,1,1376,101,1,0.41120815138282385,14,""
"lucide","line-art","ghost",60,4,"authored",714,1,1312,1,1368,92,1,0.4033674963396779,15,""
"lucide","line-art","ghost",60,6,"default",1102,1,1122,1,1280,88,1,0.4154929577464789,11,""
"lucide","line-art","ghost",60,6,"authored",1102,1,1122,1,1248,87,1,0.3940609951845907,15,""
"lucide","line-art","ghost",78,2,"default",456,1,2583,1,2684,196,1,0.39858314690529456,18,""
"lucide","line-art","ghost",78,2,"authored",456,1,2583,1,2684,196,1,0.39858314690529456,18,""
"lucide","line-art","ghost",78,3,"default",641,1,2481,1,2552,162,1,0.41137254901960785,21,""
"lucide","line-art","ghost",78,3,"authored",641,1,2481,1,2544,182,1,0.4063729346970889,19,""
"lucide","line-art","ghost",78,4,"default",934,1,2343,1,2524,156,1,0.41435368754956386,23,""
"lucide","line-art","ghost",78,4,"authored",934,1,2343,1,2516,157,1,0.4148766905330151,14,""
"lucide","line-art","ghost",78,6,"default",1422,1,2100,1,2156,161,1,0.4052924791086351,25,""
"lucide","line-art","ghost",78,6,"authored",1422,1,2100,1,2156,161,1,0.4052924791086351,25,""
"lucide","line-art","ghost",100,2,"default",600,1,4276,1,4376,301,1,0.3989483310470965,28,""
"lucide","line-art","ghost",100,2,"authored",600,1,4276,1,4376,301,1,0.3989483310470965,28,""
"lucide","line-art","ghost",100,3,"default",929,1,4175,1,4280,293,1,0.40790088826554466,26,""
"lucide","line-art","ghost",100,3,"authored",929,1,4175,1,4280,293,1,0.40790088826554466,26,""
"lucide","line-art","ghost",100,4,"default",1178,1,4003,1,4240,299,1,0.4013685700802265,30,""
"lucide","line-art","ghost",100,4,"authored",1178,1,4003,1,4232,278,1,0.399290780141844,26,""
"lucide","line-art","ghost",100,6,"default",1823,1,3682,1,3824,266,1,0.4079016221873365,22,""
"lucide","line-art","ghost",100,6,"authored",1823,1,3682,1,3792,247,1,0.4050131926121372,23,""
"lucide","line-art","grape",40,2,"default",398,8,52,2,476,34,1,0.4364406779661017,7,""
"lucide","line-art","grape",40,2,"authored",398,8,52,3,464,28,1,0.45414847161572053,7,""
"lucide","line-art","grape",40,3,"default",574,8,40,7,372,21,1,0.48324022346368717,4,""
"lucide","line-art","grape",40,3,"authored",574,8,40,8,368,26,1,0.4772727272727273,5,""
"lucide","line-art","grape",40,4,"default",719,8,31,8,260,17,1,0.5040983606557377,3,""
"lucide","line-art","grape",40,4,"authored",719,8,31,8,260,17,1,0.5040983606557377,3,""
"lucide","line-art","grape",40,6,"default",1011,8,12,0,0,0,0,0,0,"repair: mask repair removed the entire region — the raw blob had no interior thick enough to survive the morphological open; try a larger gridSize or fillFraction"
"lucide","line-art","grape",40,6,"authored",1011,8,12,0,0,0,0,0,0,"repair: mask repair removed the entire region — the raw blob had no interior thick enough to survive the morphological open; try a larger gridSize or fillFraction"
"lucide","line-art","grape",60,2,"default",673,9,130,1,1304,84,1,0.41551459293394777,15,""
"lucide","line-art","grape",60,2,"authored",673,9,130,1,1240,81,1,0.40306946688206785,11,""
"lucide","line-art","grape",60,3,"default",931,8,109,7,1044,66,1,0.429126213592233,17,""
"lucide","line-art","grape",60,3,"authored",931,8,109,8,1040,55,1,0.4306640625,8,""
"lucide","line-art","grape",60,4,"default",1172,8,96,8,860,55,1,0.4265402843601896,7,""
"lucide","line-art","grape",60,4,"authored",1172,8,96,8,860,55,1,0.4265402843601896,7,""
"lucide","line-art","grape",60,6,"default",1645,8,66,8,624,42,1,0.4506578947368421,4,""
"lucide","line-art","grape",60,6,"authored",1645,8,66,8,624,42,1,0.4506578947368421,4,""
"lucide","line-art","grape",78,2,"default",914,14,235,1,2204,150,1,0.4055404178019982,15,""
"lucide","line-art","grape",78,2,"authored",914,14,235,1,2164,160,1,0.41304347826086957,16,""
"lucide","line-art","grape",78,3,"default",1302,8,212,4,1936,138,1,0.40767634854771784,17,""
"lucide","line-art","grape",78,3,"authored",1302,8,212,8,1920,129,1,0.41544117647058826,14,""
"lucide","line-art","grape",78,4,"default",1613,8,185,8,1672,105,1,0.4166666666666667,12,""
"lucide","line-art","grape",78,4,"authored",1613,8,185,8,1672,105,1,0.4166666666666667,12,""
"lucide","line-art","grape",78,6,"default",2275,8,140,8,1268,93,1,0.41613418530351437,11,""
"lucide","line-art","grape",78,6,"authored",2275,8,140,8,1268,93,1,0.41613418530351437,11,""
"lucide","line-art","grape",100,2,"default",1182,15,414,1,3740,240,1,0.40476190476190477,22,""
"lucide","line-art","grape",100,2,"authored",1182,15,414,1,3696,272,1,0.42257715213860314,21,""
"lucide","line-art","grape",100,3,"default",1679,14,380,4,3368,230,1,0.4119047619047619,25,""
"lucide","line-art","grape",100,3,"authored",1679,14,380,8,3348,223,1,0.40756302521008403,18,""
"lucide","line-art","grape",100,4,"default",2183,8,340,8,3012,204,1,0.4082109479305741,18,""
"lucide","line-art","grape",100,4,"authored",2183,8,340,8,3012,204,1,0.4082109479305741,18,""
"lucide","line-art","grape",100,6,"default",3077,8,277,8,2460,149,1,0.40425531914893614,14,""
"lucide","line-art","grape",100,6,"authored",3077,8,277,8,2460,149,1,0.40425531914893614,14,""
"lucide","line-art","house",40,2,"default",290,2,500,1,624,40,1,0.39389067524115756,12,""
"lucide","line-art","house",40,2,"authored",290,2,500,1,624,40,1,0.39389067524115756,12,""
"lucide","line-art","house",40,3,"default",364,2,470,1,608,37,1,0.3943894389438944,6,""
"lucide","line-art","house",40,3,"authored",364,2,470,1,608,37,1,0.3943894389438944,6,""
"lucide","line-art","house",40,4,"default",566,2,378,2,544,29,1,0.43148148148148147,7,""
"lucide","line-art","house",40,4,"authored",566,2,378,2,544,29,1,0.43148148148148147,7,""
"lucide","line-art","house",40,6,"default",829,2,263,1,200,14,1,0.4494949494949495,3,""
"lucide","line-art","house",40,6,"authored",829,2,263,1,200,14,1,0.4494949494949495,3,""
"lucide","line-art","house",60,2,"default",321,2,1269,1,1692,133,1,0.4088757396449704,16,""
"lucide","line-art","house",60,2,"authored",321,2,1269,1,1684,134,1,0.415576694411415,19,""
"lucide","line-art","house",60,3,"default",616,2,1146,1,1576,108,1,0.3983481575603558,12,""
"lucide","line-art","house",60,3,"authored",616,2,1146,1,1576,108,1,0.3983481575603558,12,""
"lucide","line-art","house",60,4,"default",740,2,1078,2,1456,122,1,0.3953168044077135,14,""
"lucide","line-art","house",60,4,"authored",740,2,1078,2,1456,122,1,0.3953168044077135,14,""
"lucide","line-art","house",60,6,"default",1158,2,894,2,1136,75,1,0.4081272084805654,11,""
"lucide","line-art","house",60,6,"authored",1158,2,894,2,1136,75,1,0.4081272084805654,11,""
"lucide","line-art","house",78,2,"default",541,2,2119,1,2764,178,1,0.39717595944967415,23,""
"lucide","line-art","house",78,2,"authored",541,2,2119,1,2764,178,1,0.39717595944967415,23,""
"lucide","line-art","house",78,3,"default",807,2,2068,2,2708,154,1,0.38979289940828404,20,""
"lucide","line-art","house",78,3,"authored",807,2,2068,2,2708,154,1,0.38979289940828404,20,""
"lucide","line-art","house",78,4,"default",1092,2,1872,2,2440,158,1,0.40476190476190477,18,""
"lucide","line-art","house",78,4,"authored",1092,2,1872,2,2440,158,1,0.40476190476190477,18,""
"lucide","line-art","house",78,6,"default",1629,2,1634,2,2092,164,1,0.3946360153256705,13,""
"lucide","line-art","house",78,6,"authored",1629,2,1634,2,2092,164,1,0.3946360153256705,13,""
"lucide","line-art","house",100,2,"default",572,2,3702,1,4896,338,1,0.4023293829178586,20,""
"lucide","line-art","house",100,2,"authored",572,2,3702,1,4888,348,1,0.40667212443716744,23,""
"lucide","line-art","house",100,3,"default",1039,2,3472,1,4384,295,1,0.40460976722957553,25,""
"lucide","line-art","house",100,3,"authored",1039,2,3472,1,4384,295,1,0.40460976722957553,25,""
"lucide","line-art","house",100,4,"default",1268,2,3388,2,4280,305,1,0.38891487371375116,26,""
"lucide","line-art","house",100,4,"authored",1268,2,3388,2,4280,305,1,0.38891487371375116,26,""
"lucide","line-art","house",100,6,"default",2033,2,3037,2,3932,260,1,0.3989307535641548,24,""
"lucide","line-art","house",100,6,"authored",2033,2,3037,2,3932,260,1,0.3989307535641548,24,""
"lucide","line-art","leaf",40,2,"default",237,1,452,1,496,39,1,0.402834008097166,8,""
"lucide","line-art","leaf",40,2,"authored",237,1,452,1,492,27,1,0.4346938775510204,6,""
"lucide","line-art","leaf",40,3,"default",348,1,404,1,476,29,1,0.4409282700421941,7,""
"lucide","line-art","leaf",40,3,"authored",348,1,404,1,464,27,1,0.41774891774891776,7,""
"lucide","line-art","leaf",40,4,"default",466,1,343,1,412,25,1,0.4317073170731707,9,""
"lucide","line-art","leaf",40,4,"authored",466,1,343,1,412,25,1,0.4317073170731707,9,""
"lucide","line-art","leaf",40,6,"default",684,1,251,1,288,15,1,0.45104895104895104,8,""
"lucide","line-art","leaf",40,6,"authored",684,1,251,1,288,15,1,0.45104895104895104,8,""
"lucide","line-art","leaf",60,2,"default",354,1,1124,1,1256,91,1,0.4090909090909091,13,""
"lucide","line-art","leaf",60,2,"authored",354,1,1124,1,1240,88,1,0.41437802907915994,16,""
"lucide","line-art","leaf",60,3,"default",521,1,1040,1,1172,84,1,0.4128205128205128,14,""
"lucide","line-art","leaf",60,3,"authored",521,1,1040,1,1148,83,1,0.4109947643979058,10,""
"lucide","line-art","leaf",60,4,"default",707,1,944,1,1020,72,1,0.3919449901768173,11,""
"lucide","line-art","leaf",60,4,"authored",707,1,944,1,1020,72,1,0.3919449901768173,11,""
"lucide","line-art","leaf",60,6,"default",1036,1,791,1,892,72,1,0.4258426966292135,11,""
"lucide","line-art","leaf",60,6,"authored",1036,1,791,1,892,72,1,0.4258426966292135,11,""
"lucide","line-art","leaf",78,2,"default",461,1,1967,1,2128,154,1,0.3993414863593603,17,""
"lucide","line-art","leaf",78,2,"authored",461,1,1967,1,2108,152,1,0.405982905982906,17,""
"lucide","line-art","leaf",78,3,"default",678,1,1854,1,2060,122,1,0.4037900874635568,15,""
"lucide","line-art","leaf",78,3,"authored",678,1,1854,1,2020,135,1,0.4098116947472745,13,""
"lucide","line-art","leaf",78,4,"default",917,1,1740,1,1880,102,1,0.41480298189563364,16,""
"lucide","line-art","leaf",78,4,"authored",917,1,1740,1,1880,102,1,0.41480298189563364,16,""
"lucide","line-art","leaf",78,6,"default",1351,1,1529,1,1652,114,1,0.39090909090909093,14,""
"lucide","line-art","leaf",78,6,"authored",1351,1,1529,1,1652,114,1,0.39090909090909093,14,""
"lucide","line-art","leaf",100,2,"default",580,1,3319,1,3504,255,1,0.4154768703597944,21,""
"lucide","line-art","leaf",100,2,"authored",580,1,3319,1,3480,229,1,0.40051753881541113,22,""
"lucide","line-art","leaf",100,3,"default",870,1,3178,1,3420,200,1,0.4034523112931539,26,""
"lucide","line-art","leaf",100,3,"authored",870,1,3178,1,3360,235,1,0.4094699225729601,25,""
"lucide","line-art","leaf",100,4,"default",1151,1,3037,1,3236,190,1,0.40476190476190477,23,""
"lucide","line-art","leaf",100,4,"authored",1151,1,3037,1,3236,190,1,0.40476190476190477,23,""
"lucide","line-art","leaf",100,6,"default",1744,1,2748,1,2900,206,1,0.40131124913733607,24,""
"lucide","line-art","leaf",100,6,"authored",1744,1,2748,1,2900,206,1,0.40131124913733607,24,""
"lucide","line-art","rabbit",40,2,"default",307,3,368,1,472,31,1,0.44893617021276594,10,""
"lucide","line-art","rabbit",40,2,"authored",307,3,368,1,468,40,1,0.4570815450643777,7,""
"lucide","line-art","rabbit",40,3,"default",440,3,308,2,392,25,1,0.422680412371134,7,""
"lucide","line-art","rabbit",40,3,"authored",440,3,308,2,392,25,1,0.422680412371134,7,""
"lucide","line-art","rabbit",40,4,"default",596,3,250,2,348,28,1,0.43023255813953487,6,""
"lucide","line-art","rabbit",40,4,"authored",596,3,250,2,348,28,1,0.43023255813953487,6,""
"lucide","line-art","rabbit",40,6,"default",879,10,128,1,144,8,1,0.47183098591549294,3,""
"lucide","line-art","rabbit",40,6,"authored",879,10,128,1,144,8,1,0.47183098591549294,3,""
"lucide","line-art","rabbit",60,2,"default",449,3,913,1,1260,84,1,0.41573926868044514,10,""
"lucide","line-art","rabbit",60,2,"authored",449,3,913,1,1256,89,1,0.4090909090909091,12,""
"lucide","line-art","rabbit",60,3,"default",675,3,819,2,1128,75,1,0.4199288256227758,12,""
"lucide","line-art","rabbit",60,3,"authored",675,3,819,2,1120,82,1,0.43010752688172044,14,""
"lucide","line-art","rabbit",60,4,"default",881,3,751,3,988,72,1,0.43075356415478616,11,""
"lucide","line-art","rabbit",60,4,"authored",881,3,751,3,980,78,1,0.4209445585215606,12,""
"lucide","line-art","rabbit",60,6,"default",1335,3,568,3,728,48,1,0.42105263157894735,10,""
"lucide","line-art","rabbit",60,6,"authored",1335,3,568,3,728,48,1,0.42105263157894735,10,""
"lucide","line-art","rabbit",78,2,"default",602,3,1602,1,2156,146,1,0.4117920148560817,13,""
"lucide","line-art","rabbit",78,2,"authored",602,3,1602,1,2140,152,1,0.41113189897100094,15,""
"lucide","line-art","rabbit",78,3,"default",866,3,1509,1,2020,131,1,0.4147670961347869,16,""
"lucide","line-art","rabbit",78,3,"authored",866,3,1509,2,1984,134,1,0.40606060606060607,14,""
"lucide","line-art","rabbit",78,4,"default",1198,3,1368,3,1784,109,1,0.39932508436445446,16,""
"lucide","line-art","rabbit",78,4,"authored",1198,3,1368,3,1780,111,1,0.4036076662908681,13,""
"lucide","line-art","rabbit",78,6,"default",1756,3,1160,3,1520,108,1,0.42536327608982827,18,""
"lucide","line-art","rabbit",78,6,"authored",1756,3,1160,3,1504,111,1,0.40253671562082777,15,""
"lucide","line-art","rabbit",100,2,"default",742,3,2731,1,3608,253,1,0.4023849140321686,19,""
"lucide","line-art","rabbit",100,2,"authored",742,3,2731,1,3580,255,1,0.40721073225265514,21,""
"lucide","line-art","rabbit",100,3,"default",1151,3,2575,1,3376,236,1,0.4045643153526971,26,""
"lucide","line-art","rabbit",100,3,"authored",1151,3,2575,3,3324,238,1,0.40687160940325495,21,""
"lucide","line-art","rabbit",100,4,"default",1532,3,2432,3,3164,225,1,0.409119696010133,21,""
"lucide","line-art","rabbit",100,4,"authored",1532,3,2432,3,3156,217,1,0.406031746031746,22,""
"lucide","line-art","rabbit",100,6,"default",2263,3,2158,3,2704,164,1,0.41030392883617495,16,""
"lucide","line-art","rabbit",100,6,"authored",2263,3,2158,3,2704,164,1,0.41030392883617495,16,""
"lucide","line-art","snail",40,2,"default",416,2,365,1,640,43,1,0.44043887147335425,7,""
"lucide","line-art","snail",40,2,"authored",416,2,365,1,604,42,1,0.4069767441860465,7,""
"lucide","line-art","snail",40,3,"default",588,3,278,3,400,25,1,0.44416243654822335,6,""
"lucide","line-art","snail",40,3,"authored",588,3,278,4,388,33,1,0.45,8,""
"lucide","line-art","snail",40,4,"default",782,5,200,2,148,10,1,0.5138888888888888,6,""
"lucide","line-art","snail",40,4,"authored",782,5,200,3,144,8,1,0.5289855072463768,4,""
"lucide","line-art","snail",40,6,"default",1127,21,11,0,0,0,0,0,0,"repair: mask repair removed the entire region — the raw blob had no interior thick enough to survive the morphological open; try a larger gridSize or fillFraction"
"lucide","line-art","snail",40,6,"authored",1127,21,11,0,0,0,0,0,0,"repair: mask repair removed the entire region — the raw blob had no interior thick enough to survive the morphological open; try a larger gridSize or fillFraction"
"lucide","line-art","snail",60,2,"default",593,3,966,1,1448,87,1,0.38381742738589214,16,""
"lucide","line-art","snail",60,2,"authored",593,3,966,1,1392,100,1,0.39784172661870504,15,""
"lucide","line-art","snail",60,3,"default",894,2,830,1,1284,78,1,0.4235569422776911,8,""
"lucide","line-art","snail",60,3,"authored",894,2,830,1,1236,85,1,0.4027552674230146,14,""
"lucide","line-art","snail",60,4,"default",1202,2,684,2,1116,88,1,0.4289568345323741,12,""
"lucide","line-art","snail",60,4,"authored",1202,2,684,2,1116,88,1,0.4289568345323741,12,""
"lucide","line-art","snail",60,6,"default",1725,3,448,5,508,32,1,0.4799196787148594,10,""
"lucide","line-art","snail",60,6,"authored",1725,3,448,5,508,32,1,0.4799196787148594,10,""
"lucide","line-art","snail",78,2,"default",785,3,1729,1,2608,162,1,0.418649270913277,20,""
"lucide","line-art","snail",78,2,"authored",785,3,1729,1,2552,178,1,0.4137254901960784,22,""
"lucide","line-art","snail",78,3,"default",1224,2,1551,1,2348,124,1,0.3959931798806479,18,""
"lucide","line-art","snail",78,3,"authored",1224,2,1551,1,2200,156,1,0.3989990900818926,19,""
"lucide","line-art","snail",78,4,"default",1588,2,1369,2,1980,146,1,0.409919028340081,15,""
"lucide","line-art","snail",78,4,"authored",1588,2,1369,2,1980,146,1,0.409919028340081,15,""
"lucide","line-art","snail",78,6,"default",2283,2,1038,2,1556,114,1,0.4162371134020619,12,""
"lucide","line-art","snail",78,6,"authored",2283,2,1038,2,1556,114,1,0.4162371134020619,12,""
"lucide","line-art","snail",100,2,"default",1029,2,2998,1,4316,291,1,0.4003245248029671,29,""
"lucide","line-art","snail",100,2,"authored",1029,2,2998,1,4252,309,1,0.40494117647058825,25,""
"lucide","line-art","snail",100,3,"default",1555,3,2756,1,4076,272,1,0.3944526264113893,23,""
"lucide","line-art","snail",100,3,"authored",1555,3,2756,2,3888,267,1,0.41014418125643665,19,""
"lucide","line-art","snail",100,4,"default",2048,3,2517,2,3612,272,1,0.4043791574279379,25,""
"lucide","line-art","snail",100,4,"authored",2048,3,2517,2,3612,272,1,0.4043791574279379,25,""
"lucide","line-art","snail",100,6,"default",3001,2,2067,2,2944,191,1,0.40408163265306124,18,""
"lucide","line-art","snail",100,6,"authored",3001,2,2067,2,2944,191,1,0.40408163265306124,18,""
"lucide","line-art","turtle",40,2,"default",298,7,46,4,172,12,1,0.47560975609756095,3,""
"lucide","line-art","turtle",40,2,"authored",298,7,46,5,168,13,1,0.4873417721518987,4,""
"lucide","line-art","turtle",40,3,"default",410,7,29,4,100,11,1,0.5652173913043478,4,""
"lucide","line-art","turtle",40,3,"authored",410,7,29,4,100,11,1,0.5652173913043478,4,""
"lucide","line-art","turtle",40,4,"default",535,7,21,1,20,1,1,0.6111111111111112,1,""
"lucide","line-art","turtle",40,4,"authored",535,7,21,1,20,1,1,0.6111111111111112,1,""
"lucide","line-art","turtle",40,6,"default",729,6,4,0,0,0,0,0,0,"repair: mask repair removed the entire region — the raw blob had no interior thick enough to survive the morphological open; try a larger gridSize or fillFraction"
"lucide","line-art","turtle",40,6,"authored",729,6,4,0,0,0,0,0,0,"repair: mask repair removed the entire region — the raw blob had no interior thick enough to survive the morphological open; try a larger gridSize or fillFraction"
"lucide","line-art","turtle",60,2,"default",448,7,126,3,648,47,1,0.440809968847352,6,""
"lucide","line-art","turtle",60,2,"authored",448,7,126,3,640,47,1,0.43217665615141954,11,""
"lucide","line-art","turtle",60,3,"default",587,7,102,3,600,44,1,0.44107744107744107,15,""
"lucide","line-art","turtle",60,3,"authored",587,7,102,4,592,38,1,0.4332191780821918,10,""
"lucide","line-art","turtle",60,4,"default",861,7,80,7,488,44,1,0.4345991561181435,7,""
"lucide","line-art","turtle",60,4,"authored",861,7,80,7,488,44,1,0.4345991561181435,7,""
"lucide","line-art","turtle",60,6,"default",1215,7,44,2,80,5,1,0.5,2,""
"lucide","line-art","turtle",60,6,"authored",1215,7,44,2,80,5,1,0.5,2,""
"lucide","line-art","turtle",78,2,"default",498,7,231,1,1464,99,1,0.4124487004103967,18,""
"lucide","line-art","turtle",78,2,"authored",498,7,231,1,1428,97,1,0.40462833099579243,19,""
"lucide","line-art","turtle",78,3,"default",879,7,197,4,1116,62,1,0.41245487364620936,7,""
"lucide","line-art","turtle",78,3,"authored",879,7,197,7,1100,70,1,0.43554327808471455,10,""
"lucide","line-art","turtle",78,4,"default",1078,7,165,7,968,70,1,0.4129979035639413,11,""
"lucide","line-art","turtle",78,4,"authored",1078,7,165,7,968,70,1,0.4129979035639413,11,""
"lucide","line-art","turtle",78,6,"default",1542,7,117,7,688,50,1,0.4332344213649852,7,""
"lucide","line-art","turtle",78,6,"authored",1542,7,117,7,688,50,1,0.4332344213649852,7,""
"lucide","line-art","turtle",100,2,"default",757,7,410,1,2412,168,1,0.4053941908713693,19,""
"lucide","line-art","turtle",100,2,"authored",757,7,410,1,2384,179,1,0.40260285474391266,18,""
"lucide","line-art","turtle",100,3,"default",1114,7,358,4,2068,129,1,0.3970873786407767,14,""
"lucide","line-art","turtle",100,3,"authored",1114,7,358,7,2016,126,1,0.4140859140859141,14,""
"lucide","line-art","turtle",100,4,"default",1488,7,326,7,1724,117,1,0.41169590643274856,16,""
"lucide","line-art","turtle",100,4,"authored",1488,7,326,7,1724,117,1,0.41169590643274856,16,""
"lucide","line-art","turtle",100,6,"default",2149,7,255,7,1396,79,1,0.4081041968162084,10,""
"lucide","line-art","turtle",100,6,"authored",2149,7,255,7,1396,79,1,0.4081041968162084,10,""
"mdi-solid","cut-5","apple",40,2,"default",1249,7,85,2,552,36,1,0.40693430656934304,8,""
"mdi-solid","cut-5","apple",40,2,"authored",1249,7,85,2,508,32,1,0.4583333333333333,7,""
"mdi-solid","cut-5","apple",40,3,"default",1361,7,58,3,80,5,1,0.5540540540540541,2,""
"mdi-solid","cut-5","apple",40,3,"authored",1361,7,58,3,80,5,1,0.5540540540540541,2,""
"mdi-solid","cut-6","apple",40,4,"default",1422,10,57,3,60,6,1,0.6111111111111112,2,""
"mdi-solid","cut-6","apple",40,4,"authored",1422,10,57,3,60,6,1,0.6111111111111112,2,""
"mdi-solid","cut-8","apple",40,6,"default",1467,6,55,2,40,3,1,0.6111111111111112,2,""
"mdi-solid","cut-8","apple",40,6,"authored",1467,6,55,2,40,3,1,0.6111111111111112,2,""
"mdi-solid","cut-8","apple",60,2,"default",2632,8,252,2,1288,103,1,0.4190031152647975,17,""
"mdi-solid","cut-8","apple",60,2,"authored",2632,8,252,2,1224,76,1,0.4311475409836066,13,""
"mdi-solid","cut-8","apple",60,3,"default",2795,13,211,2,1116,84,1,0.4064748201438849,9,""
"mdi-solid","cut-8","apple",60,3,"authored",2795,13,211,6,972,77,1,0.44895833333333335,12,""
"mdi-solid","cut-8","apple",60,4,"default",2954,12,171,6,780,47,1,0.4609375,9,""
"mdi-solid","cut-8","apple",60,4,"authored",2954,12,171,6,780,47,1,0.4609375,9,""
"mdi-solid","cut-8","apple",60,6,"default",3278,10,85,6,120,12,1,0.6111111111111112,3,""
"mdi-solid","cut-8","apple",60,6,"authored",3278,10,85,6,120,12,1,0.6111111111111112,3,""
"mdi-solid","cut-10","apple",78,2,"default",4315,8,423,2,2216,153,1,0.4154611211573237,21,""
"mdi-solid","cut-10","apple",78,2,"authored",4315,8,423,2,2124,146,1,0.4099056603773585,16,""
"mdi-solid","cut-10","apple",78,3,"default",4521,7,376,2,2144,156,1,0.4224299065420561,25,""
"mdi-solid","cut-10","apple",78,3,"authored",4521,7,376,7,1908,163,1,0.4350580781414995,16,""
"mdi-solid","cut-10","apple",78,4,"default",4725,7,327,7,1656,121,1,0.4415347137637028,15,""
"mdi-solid","cut-10","apple",78,4,"authored",4725,7,327,7,1656,121,1,0.4415347137637028,15,""
"mdi-solid","cut-10","apple",78,6,"default",5169,7,222,7,1192,78,1,0.4601018675721562,12,""
"mdi-solid","cut-10","apple",78,6,"authored",5169,7,222,7,1192,78,1,0.4601018675721562,12,""
"mdi-solid","cut-13","apple",100,2,"default",6955,7,748,2,3644,253,1,0.4087912087912088,21,""
"mdi-solid","cut-13","apple",100,2,"authored",6955,7,748,2,3520,268,1,0.41581342434584756,18,""
"mdi-solid","cut-13","apple",100,3,"default",7216,7,681,2,3520,234,1,0.41467576791808874,24,""
"mdi-solid","cut-13","apple",100,3,"authored",7216,7,681,6,3208,207,1,0.43929912390488113,20,""
"mdi-solid","cut-13","apple",100,4,"default",7478,8,615,7,2956,178,1,0.429299796057104,21,""
"mdi-solid","cut-13","apple",100,4,"authored",7478,8,615,7,2956,178,1,0.429299796057104,21,""
"mdi-solid","cut-13","apple",100,6,"default",8019,7,477,7,2376,150,1,0.4534292972057578,14,""
"mdi-solid","cut-13","apple",100,6,"authored",8019,7,477,7,2376,150,1,0.4534292972057578,14,""
"mdi-solid","cut-5","bird",40,2,"default",1334,9,74,1,424,25,1,0.44786729857819907,7,""
"mdi-solid","cut-5","bird",40,2,"authored",1334,9,74,1,396,31,1,0.46954314720812185,7,""
"mdi-solid","cut-5","bird",40,3,"default",1416,11,50,3,80,7,1,0.5540540540540541,3,""
"mdi-solid","cut-5","bird",40,3,"authored",1416,11,50,3,80,7,1,0.5540540540540541,3,""
"mdi-solid","cut-6","bird",40,4,"default",1450,7,48,3,60,8,1,0.6111111111111112,3,""
"mdi-solid","cut-6","bird",40,4,"authored",1450,7,48,3,60,8,1,0.6111111111111112,3,""
"mdi-solid","cut-8","bird",40,6,"default",1484,4,51,1,20,1,1,0.6111111111111112,1,""
"mdi-solid","cut-8","bird",40,6,"authored",1484,4,51,1,20,1,1,0.6111111111111112,1,""
"mdi-solid","cut-8","bird",60,2,"default",2839,9,232,1,980,72,1,0.4284253578732106,10,""
"mdi-solid","cut-8","bird",60,2,"authored",2839,9,232,1,940,75,1,0.4125799573560768,11,""
"mdi-solid","cut-8","bird",60,3,"default",2962,8,196,3,852,59,1,0.4574468085106383,10,""
"mdi-solid","cut-8","bird",60,3,"authored",2962,8,196,8,764,52,1,0.4612299465240642,9,""
"mdi-solid","cut-8","bird",60,4,"default",3091,10,159,8,624,41,1,0.48519736842105265,6,""
"mdi-solid","cut-8","bird",60,4,"authored",3091,10,159,8,624,41,1,0.48519736842105265,6,""
"mdi-solid","cut-8","bird",60,6,"default",3350,13,78,3,60,7,1,0.6111111111111112,2,""
"mdi-solid","cut-8","bird",60,6,"authored",3350,13,78,3,60,7,1,0.6111111111111112,2,""
"mdi-solid","cut-10","bird",78,2,"default",4702,8,401,1,1808,137,1,0.41915836101882614,16,""
"mdi-solid","cut-10","bird",78,2,"authored",4702,8,401,1,1728,97,1,0.43279258400927,15,""
"mdi-solid","cut-10","bird",78,3,"default",4868,8,352,1,1676,103,1,0.43189964157706096,16,""
"mdi-solid","cut-10","bird",78,3,"authored",4868,8,352,7,1508,98,1,0.4497991967871486,11,""
"mdi-solid","cut-10","bird",78,4,"default",5034,9,304,8,1280,82,1,0.4572784810126582,10,""
"mdi-solid","cut-10","bird",78,4,"authored",5034,9,304,8,1280,82,1,0.4572784810126582,10,""
"mdi-solid","cut-10","bird",78,6,"default",5382,13,202,8,888,70,1,0.47706422018348627,8,""
"mdi-solid","cut-10","bird",78,6,"authored",5382,13,202,8,888,70,1,0.47706422018348627,8,""
"mdi-solid","cut-13","bird",100,2,"default",7608,6,702,1,2916,213,1,0.40459849004804394,21,""
"mdi-solid","cut-13","bird",100,2,"authored",7608,6,702,1,2812,193,1,0.4174377224199288,25,""
"mdi-solid","cut-13","bird",100,3,"default",7819,8,641,1,2788,158,1,0.41816223977028,16,""
"mdi-solid","cut-13","bird",100,3,"authored",7819,8,641,6,2568,166,1,0.4370109546165884,18,""
"mdi-solid","cut-13","bird",100,4,"default",8034,11,578,7,2320,163,1,0.4388551604509974,19,""
"mdi-solid","cut-13","bird",100,4,"authored",8034,11,578,7,2320,163,1,0.4388551604509974,19,""
"mdi-solid","cut-13","bird",100,6,"default",8461,7,449,7,1868,120,1,0.45361380798274004,13,""
"mdi-solid","cut-13","bird",100,6,"authored",8461,7,449,7,1868,120,1,0.45361380798274004,13,""
"mdi-solid","cut-5","cat",40,2,"default",1284,14,63,1,476,27,1,0.43670886075949367,7,""
"mdi-solid","cut-5","cat",40,2,"authored",1284,14,63,1,436,27,1,0.46774193548387094,6,""
"mdi-solid","cut-5","cat",40,3,"default",1381,18,43,3,80,11,1,0.5540540540540541,2,""
"mdi-solid","cut-5","cat",40,3,"authored",1381,18,43,3,80,11,1,0.5540540540540541,2,""
"mdi-solid","cut-6","cat",40,4,"default",1414,9,40,3,60,6,1,0.6111111111111112,2,""
"mdi-solid","cut-6","cat",40,4,"authored",1414,9,40,3,60,6,1,0.6111111111111112,2,""
"mdi-solid","cut-8","cat",40,6,"default",1462,12,45,2,40,3,1,0.6111111111111112,2,""
"mdi-solid","cut-8","cat",40,6,"authored",1462,12,45,2,40,3,1,0.6111111111111112,2,""
"mdi-solid","cut-8","cat",60,2,"default",2683,15,196,1,1204,80,1,0.42678868552412647,16,""
"mdi-solid","cut-8","cat",60,2,"authored",2683,15,196,1,1124,73,1,0.4269162210338681,15,""
"mdi-solid","cut-8","cat",60,3,"default",2833,11,168,1,1004,70,1,0.4301397205588822,9,""
"mdi-solid","cut-8","cat",60,3,"authored",2833,11,168,7,932,80,1,0.45751633986928103,15,""
"mdi-solid","cut-8","cat",60,4,"default",2972,11,140,7,788,58,1,0.4728682170542636,10,""
"mdi-solid","cut-8","cat",60,4,"authored",2972,11,140,7,788,58,1,0.4728682170542636,10,""
"mdi-solid","cut-8","cat",60,6,"default",3284,11,59,4,80,8,1,0.6111111111111112,2,""
"mdi-solid","cut-8","cat",60,6,"authored",3284,11,59,4,80,8,1,0.6111111111111112,2,""
"mdi-solid","cut-10","cat",78,2,"default",4456,14,338,1,2072,156,1,0.4207729468599034,17,""
"mdi-solid","cut-10","cat",78,2,"authored",4456,14,338,1,1972,126,1,0.4299492385786802,16,""
"mdi-solid","cut-10","cat",78,3,"default",4653,14,301,2,1848,123,1,0.42733188720173537,14,""
"mdi-solid","cut-10","cat",78,3,"authored",4653,14,301,8,1696,112,1,0.45654761904761904,11,""
"mdi-solid","cut-10","cat",78,4,"default",4853,14,262,9,1492,97,1,0.45658073270013566,12,""
"mdi-solid","cut-10","cat",78,4,"authored",4853,14,262,10,1488,111,1,0.46253405994550406,14,""
"mdi-solid","cut-10","cat",78,6,"default",5269,12,176,10,972,64,1,0.47163865546218486,11,""
"mdi-solid","cut-10","cat",78,6,"authored",5269,12,176,10,972,64,1,0.47163865546218486,11,""
"mdi-solid","cut-13","cat",100,2,"default",7171,20,595,1,3480,233,1,0.40454284071305346,24,""
"mdi-solid","cut-13","cat",100,2,"authored",7171,20,595,1,3340,245,1,0.41431995206710603,26,""
"mdi-solid","cut-13","cat",100,3,"default",7421,14,551,1,3228,216,1,0.41320520768753877,18,""
"mdi-solid","cut-13","cat",100,3,"authored",7421,14,551,8,3024,216,1,0.4365026595744681,17,""
"mdi-solid","cut-13","cat",100,4,"default",7670,13,506,8,2748,176,1,0.44875549048316254,13,""
"mdi-solid","cut-13","cat",100,4,"authored",7670,13,506,9,2744,192,1,0.4314013206162876,16,""
"mdi-solid","cut-13","cat",100,6,"default",8169,13,398,9,2196,143,1,0.44214876033057854,12,""
"mdi-solid","cut-13","cat",100,6,"authored",8169,13,398,9,2196,143,1,0.44214876033057854,12,""
"mdi-solid","cut-5","fish",40,2,"default",1358,13,56,1,312,19,1,0.4806451612903226,7,""
"mdi-solid","cut-5","fish",40,2,"authored",1358,13,56,1,296,25,1,0.48639455782312924,6,""
"mdi-solid","cut-5","fish",40,3,"default",1434,11,39,2,80,6,1,0.5,2,""
"mdi-solid","cut-5","fish",40,3,"authored",1434,11,39,2,80,6,1,0.5,2,""
"mdi-solid","cut-6","fish",40,4,"default",1463,9,38,2,40,3,1,0.6111111111111112,3,""
"mdi-solid","cut-6","fish",40,4,"authored",1463,9,38,2,40,3,1,0.6111111111111112,3,""
"mdi-solid","cut-8","fish",40,6,"default",1487,7,38,1,20,1,1,0.6111111111111112,1,""
"mdi-solid","cut-8","fish",40,6,"authored",1487,7,38,1,20,1,1,0.6111111111111112,1,""
"mdi-solid","cut-8","fish",60,2,"default",2907,12,175,1,900,61,1,0.4287305122494432,8,""
"mdi-solid","cut-8","fish",60,2,"authored",2907,12,175,1,864,65,1,0.4095127610208817,11,""
"mdi-solid","cut-8","fish",60,3,"default",3030,11,146,3,748,37,1,0.444743935309973,8,""
"mdi-solid","cut-8","fish",60,3,"authored",3030,11,146,6,684,49,1,0.4523809523809524,6,""
"mdi-solid","cut-8","fish",60,4,"default",3145,9,119,6,560,38,1,0.4653284671532847,6,""
"mdi-solid","cut-8","fish",60,4,"authored",3145,9,119,6,560,38,1,0.4653284671532847,6,""
"mdi-solid","cut-8","fish",60,6,"default",3380,12,58,2,40,3,1,0.6111111111111112,2,""
"mdi-solid","cut-8","fish",60,6,"authored",3380,12,58,2,40,3,1,0.6111111111111112,2,""
"mdi-solid","cut-10","fish",78,2,"default",4835,13,294,1,1544,105,1,0.4156939040207523,11,""
"mdi-solid","cut-10","fish",78,2,"authored",4835,13,294,2,1484,109,1,0.4243243243243243,14,""
"mdi-solid","cut-10","fish",78,3,"default",5001,13,257,1,1404,94,1,0.4186875891583452,13,""
"mdi-solid","cut-10","fish",78,3,"authored",5001,13,257,6,1260,96,1,0.4551282051282051,17,""
"mdi-solid","cut-10","fish",78,4,"default",5161,16,222,5,1068,70,1,0.4678638941398866,13,""
"mdi-solid","cut-10","fish",78,4,"authored",5161,16,222,5,1068,70,1,0.4678638941398866,13,""
"mdi-solid","cut-10","fish",78,6,"default",5490,10,149,6,736,45,1,0.46408839779005523,11,""
"mdi-solid","cut-10","fish",78,6,"authored",5490,10,149,6,736,45,1,0.46408839779005523,11,""
"mdi-solid","cut-13","fish",100,2,"default",7837,15,516,1,2660,179,1,0.41346877351392025,19,""
"mdi-solid","cut-13","fish",100,2,"authored",7837,15,516,2,2556,191,1,0.420846394984326,16,""
"mdi-solid","cut-13","fish",100,3,"default",8044,18,471,1,2500,149,1,0.4167333867093675,15,""
"mdi-solid","cut-13","fish",100,3,"authored",8044,18,471,6,2296,153,1,0.4426444833625219,16,""
"mdi-solid","cut-13","fish",100,4,"default",8257,11,426,6,2044,134,1,0.44734251968503935,18,""
"mdi-solid","cut-13","fish",100,4,"authored",8257,11,426,6,2044,134,1,0.44734251968503935,18,""
"mdi-solid","cut-13","fish",100,6,"default",8664,10,335,8,1584,110,1,0.4477040816326531,15,""
"mdi-solid","cut-13","fish",100,6,"authored",8664,10,335,8,1584,110,1,0.4477040816326531,15,""
"mdi-solid","cut-5","rabbit",40,2,"default",1308,14,82,1,380,20,1,0.4470899470899471,6,""
"mdi-solid","cut-5","rabbit",40,2,"authored",1308,14,82,2,352,29,1,0.46839080459770116,5,""
"mdi-solid","cut-5","rabbit",40,3,"default",1404,12,57,2,40,3,1,0.6111111111111112,2,""
"mdi-solid","cut-5","rabbit",40,3,"authored",1404,12,57,2,40,3,1,0.6111111111111112,2,""
"mdi-solid","cut-6","rabbit",40,4,"default",1442,14,51,1,20,1,1,0.6111111111111112,1,""
"mdi-solid","cut-6","rabbit",40,4,"authored",1442,14,51,1,20,1,1,0.6111111111111112,1,""
"mdi-solid","cut-8","rabbit",40,6,"default",1462,7,59,2,40,3,1,0.6111111111111112,2,""
"mdi-solid","cut-8","rabbit",40,6,"authored",1462,7,59,2,40,3,1,0.6111111111111112,2,""
"mdi-solid","cut-8","rabbit",60,2,"default",2782,13,261,2,1044,74,1,0.43653846153846154,11,""
"mdi-solid","cut-8","rabbit",60,2,"authored",2782,13,261,3,984,55,1,0.4488752556237219,11,""
"mdi-solid","cut-8","rabbit",60,3,"default",2918,15,219,3,888,53,1,0.4501133786848073,8,""
"mdi-solid","cut-8","rabbit",60,3,"authored",2918,15,219,8,804,57,1,0.44416243654822335,13,""
"mdi-solid","cut-8","rabbit",60,4,"default",3057,16,177,8,616,45,1,0.4816666666666667,12,""
"mdi-solid","cut-8","rabbit",60,4,"authored",3057,16,177,8,616,45,1,0.4816666666666667,12,""
"mdi-solid","cut-8","rabbit",60,6,"default",3336,12,58,4,80,10,1,0.6111111111111112,4,""
"mdi-solid","cut-8","rabbit",60,6,"authored",3336,12,58,4,80,10,1,0.6111111111111112,4,""
"mdi-solid","cut-10","rabbit",78,2,"default",4605,17,445,1,1840,128,1,0.411860718171926,11,""
"mdi-solid","cut-10","rabbit",78,2,"authored",4605,17,445,2,1768,114,1,0.4212018140589569,11,""
"mdi-solid","cut-10","rabbit",78,3,"default",4790,18,394,4,1632,100,1,0.41995073891625617,21,""
"mdi-solid","cut-10","rabbit",78,3,"authored",4790,18,394,9,1508,105,1,0.44026845637583895,19,""
"mdi-solid","cut-10","rabbit",78,4,"default",4976,15,343,11,1296,100,1,0.4599686028257457,14,""
"mdi-solid","cut-10","rabbit",78,4,"authored",4976,15,343,11,1296,100,1,0.4599686028257457,14,""
"mdi-solid","cut-10","rabbit",78,6,"default",5348,14,234,10,888,79,1,0.47580645161290325,11,""
"mdi-solid","cut-10","rabbit",78,6,"authored",5348,14,234,10,888,79,1,0.47580645161290325,11,""
"mdi-solid","cut-13","rabbit",100,2,"default",7423,14,788,1,3112,231,1,0.41639871382636656,28,""
"mdi-solid","cut-13","rabbit",100,2,"authored",7423,14,788,1,3024,222,1,0.4192587690271343,22,""
"mdi-solid","cut-13","rabbit",100,3,"default",7656,14,723,2,2884,191,1,0.41909722222222223,22,""
"mdi-solid","cut-13","rabbit",100,3,"authored",7656,14,723,11,2704,171,1,0.4313944817300522,21,""
"mdi-solid","cut-13","rabbit",100,4,"default",7892,14,658,11,2488,166,1,0.43876723438767234,12,""
"mdi-solid","cut-13","rabbit",100,4,"authored",7892,14,658,11,2488,166,1,0.43876723438767234,12,""
"mdi-solid","cut-13","rabbit",100,6,"default",8361,20,519,11,1944,111,1,0.45213319458896983,11,""
"mdi-solid","cut-13","rabbit",100,6,"authored",8361,20,519,11,1944,111,1,0.45213319458896983,11,""