name,faces,regions,pathCells,fill,segments,verdict
a-arrow-down,1,1,244,0.0401,16,thin
alarm-clock,1,1,2512,0.4129,171,single-face
alert-octagon,1,1,4376,0.7193,283,single-face
align-horizontal-justify-center,2,2,1616,0.2656,110,multi-face
align-vertical-distribute-center,2,2,1616,0.2656,108,multi-face
ampersands,4,4,636,0.1045,55,thin
app-window-mac,1,1,4220,0.6936,292,single-face
arrow-big-left-dash,1,1,1744,0.2867,123,single-face
arrow-down-a-z,1,1,236,0.0388,15,thin
arrow-down-right-from-circle,0,0,0,0.0000,0,failed
arrow-left,0,0,0,0.0000,0,failed
arrow-right-square,1,1,5152,0.8468,380,single-face
arrow-up-down,0,0,0,0.0000,0,failed
arrow-up-right-from-square,0,0,0,0.0000,0,failed
astroid,1,1,1796,0.2952,128,single-face
axis-3d,0,0,0,0.0000,0,failed
badge-indian-rupee,1,1,3340,0.5490,238,single-face
badge-turkish-lira,1,1,3468,0.5700,230,single-face
banknote-check,1,1,112,0.0184,6,thin
barrel,9,9,3756,0.6174,265,multi-face
beaker,2,2,3520,0.5786,239,multi-face
bell,1,1,2312,0.3800,149,single-face
between-horizontal-end,2,2,2568,0.4221,168,multi-face
birdhouse,2,2,2024,0.3327,131,multi-face
bold,2,2,3668,0.6029,260,multi-face
book-copy,2,2,2212,0.3636,131,multi-face
book-open,2,2,4096,0.6732,282,multi-face
book-user,3,3,3740,0.6147,227,multi-face
bot-message-square,1,1,2440,0.4011,179,single-face
brain-circuit,1,1,1824,0.2998,116,single-face
broccoli,1,1,3240,0.5325,238,single-face
building-2,4,4,3696,0.6075,278,multi-face
calendar-arrow-down,1,1,1436,0.2360,111,single-face
calendar-minus-2,2,2,4564,0.7502,279,multi-face
camera,2,2,3472,0.5707,247,multi-face
car,3,3,2096,0.3445,141,multi-face
cassette-tape,4,4,3692,0.6068,262,multi-face
chart-bar-increasing,0,0,0,0.0000,0,failed
chart-network,3,3,432,0.0710,37,thin
check-check,0,0,0,0.0000,0,failed
chess-knight,2,2,2916,0.4793,215,multi-face
chevron-left-circle,1,1,4064,0.6680,272,single-face
chevrons-left,0,0,0,0.0000,0,failed
circle-check,1,1,4084,0.6713,276,single-face
circle-dot-dashed,1,1,20,0.0033,1,thin
circle-parking,2,2,3900,0.6410,246,multi-face
circle-slash,1,1,4044,0.6647,281,single-face
circle,1,1,4192,0.6890,304,single-face
citrus,5,5,2372,0.3899,151,multi-face
clipboard-pen,2,2,872,0.1433,51,thin
clock-12,1,1,4144,0.6811,277,single-face
clock-arrow-down,0,0,0,0.0000,0,failed
cloud-backup,0,0,0,0.0000,0,failed
cloud-off,1,1,1428,0.2347,89,single-face
club,1,1,3236,0.5319,187,single-face
columns-3,3,3,5052,0.8304,359,multi-face
cone,2,2,2476,0.4070,169,multi-face
copy-check,1,1,2360,0.3879,172,single-face
corner-left-up,0,0,0,0.0000,0,failed
cross,1,1,2580,0.4241,187,single-face
database-arrow-down,1,1,1016,0.1670,63,single-face
decimals-arrow-right,2,2,1008,0.1657,65,multi-face
dice-3,1,1,5344,0.8784,432,single-face
divide,2,2,40,0.0066,3,thin
door-closed-locked,2,2,552,0.0907,46,thin
droplet,1,1,2296,0.3774,153,single-face
eclipse,2,2,3908,0.6423,260,multi-face
ellipsis-vertical,3,3,60,0.0099,8,thin
external-link,0,0,0,0.0000,0,failed
face-slightly-smiling,1,1,4040,0.6640,302,single-face
file-audio,3,3,524,0.0861,35,thin
file-braces-corner,1,1,200,0.0329,15,thin
file-code-2,1,1,200,0.0329,15,thin
file-heart,2,2,624,0.1026,37,thin
file-minus,2,2,3872,0.6364,278,multi-face
file-plus-2,1,1,200,0.0329,15,thin
file-sliders,2,2,3676,0.6042,244,multi-face
file-user,4,4,3592,0.5904,240,multi-face
files,2,2,1992,0.3274,122,multi-face
fishing-hook,1,1,104,0.0171,8,thin
flask-conical,2,2,2128,0.3498,141,multi-face
fold-horizontal,0,0,0,0.0000,0,failed
folder-cog-2,1,1,304,0.0500,23,thin
folder-lock,2,2,552,0.0907,46,thin
folder-symlink,0,0,0,0.0000,0,failed
form,2,2,1476,0.2426,109,multi-face
funnel-x,0,0,0,0.0000,0,failed
gantt-chart-square,1,1,5100,0.8383,331,single-face
git-branch-plus,2,2,736,0.1210,46,thin
git-pull-request,2,2,736,0.1210,55,thin
globe-check,4,4,2288,0.3761,150,multi-face
grid-2-x-2,4,4,5040,0.8284,380,multi-face
grid-3x3,9,9,4676,0.7686,328,multi-face
hand-coins,4,3,1880,0.3090,139,multi-face
hard-drive-download,1,1,2016,0.3314,159,single-face
heading-2,0,0,0,0.0000,0,failed
heart-handshake,2,2,2728,0.4484,168,multi-face
hexagon,1,1,3636,0.5976,233,single-face
house-heart,2,2,3848,0.6325,246,multi-face
image,3,3,4956,0.8146,347,multi-face
inbox,2,2,3552,0.5838,256,multi-face
iteration-ccw,0,0,0,0.0000,0,failed
key-square,2,2,2128,0.3498,134,multi-face
land-plot,4,4,1208,0.1986,87,multi-face
layer-arrow-down,0,0,0,0.0000,0,failed
layout-dashboard,4,4,2960,0.4865,193,multi-face
lens-concave,1,1,2124,0.3491,136,single-face
line-chart,0,0,0,0.0000,0,failed
list-chevrons-down-up,0,0,0,0.0000,0,failed
list-music,1,1,368,0.0605,25,thin
list-x,0,0,0,0.0000,0,failed
lock-keyhole,3,2,3564,0.5858,243,multi-face
mail-warning,1,1,1512,0.2485,113,single-face
mail,2,2,3960,0.6509,308,multi-face
map-pin-minus,1,1,304,0.0500,23,thin
map-plus,1,1,1400,0.2301,88,single-face
memory-stick,1,1,2328,0.3826,158,single-face
message-circle-off,1,1,2100,0.3452,137,single-face
message-square-dashed,0,0,0,0.0000,0,failed
message-square-share,0,0,0,0.0000,0,failed
mic-signal,1,1,328,0.0539,23,thin
minimize-2,0,0,0,0.0000,0,failed
monitor-dot,1,1,308,0.0506,18,thin
moon,1,1,2860,0.4701,216,single-face
mouse,1,1,3080,0.5062,190,single-face
move-right,0,0,0,0.0000,0,failed
move,0,0,0,0.0000,0,failed
navigation-2,3,1,1308,0.2150,92,single-face
notebook-text,1,1,3924,0.6450,279,single-face
omega,0,0,0,0.0000,0,failed
package-plus,3,3,2076,0.3412,152,multi-face
panda,1,1,4436,0.7291,303,single-face
panel-left-open,2,2,5108,0.8396,357,multi-face
panel-top-dashed,1,1,5308,0.8725,387,single-face
parasol,1,1,1856,0.3051,120,single-face
pause-octagon,1,1,4316,0.7094,287,single-face
pencil-line,2,2,1568,0.2577,116,multi-face
phi,2,2,1840,0.3024,118,multi-face
pi-square,1,1,4980,0.8185,366,single-face
pilcrow-square,2,2,4836,0.7949,335,multi-face
play,1,1,2900,0.4767,188,single-face
plus-square,1,1,5216,0.8573,400,single-face
power-circle,1,1,3912,0.6430,252,single-face
pyramid,2,2,2592,0.4260,154,multi-face
radio-tower,2,2,260,0.0427,13,thin
receipt-pound-sterling,1,1,3684,0.6055,256,single-face
recycle,0,0,0,0.0000,0,failed
remove-formatting,0,0,0,0.0000,0,failed
ribbon,5,5,1768,0.2906,121,multi-face
rotate-ccw-key,1,1,148,0.0243,8,thin
rows-3,3,3,5052,0.8304,352,multi-face
satellite-dish,1,1,820,0.1348,42,thin
scale-3d,2,2,288,0.0473,13,thin
scan-search,1,1,388,0.0638,25,thin
scooter,2,2,384,0.0631,30,thin
search-x,1,1,3032,0.4984,186,single-face
server-crash,0,0,0,0.0000,0,failed
shelving-unit,4,4,2920,0.4799,211,multi-face
shield-keyhole,2,2,3096,0.5089,211,multi-face
ship-wheel,9,9,1948,0.3202,114,multi-face
shrub,1,1,2776,0.4563,189,single-face
signal-medium,0,0,0,0.0000,0,failed
slash-square,1,1,5264,0.8652,390,single-face
snail,3,2,2880,0.4734,197,multi-face
sparkle,1,1,1316,0.2163,93,single-face
split-square-vertical,0,0,0,0.0000,0,failed
square-arrow-down-right,1,1,5160,0.8481,378,single-face
square-arrow-up-left,1,1,5160,0.8481,328,single-face
square-chevron-left,1,1,5236,0.8606,404,single-face
square-dashed-top-solid,0,0,0,0.0000,0,failed
square-menu,1,1,4920,0.8087,337,single-face
square-pilcrow,2,2,4836,0.7949,335,multi-face
square-split-vertical,0,0,0,0.0000,0,failed
squares-exclude,0,0,0,0.0000,0,failed
star-half,0,0,0,0.0000,0,failed
sticky-note,2,2,5044,0.8291,320,multi-face
stretch-horizontal,2,2,2864,0.4707,187,multi-face
sun-snow,0,0,0,0.0000,0,failed
table,6,6,4864,0.7995,336,multi-face
tablet-smartphone,1,1,1744,0.2867,128,single-face
tally-5,0,0,0,0.0000,0,failed
test-tube-diagonal,2,2,1384,0.2275,102,multi-face
text-quote,0,0,0,0.0000,0,failed
thumbs-up,2,2,3276,0.5385,222,multi-face
timeline,3,3,1576,0.2590,97,multi-face
torus,2,2,3336,0.5483,224,multi-face
train-front-tunnel,2,2,1504,0.2472,103,multi-face
trending-down,0,0,0,0.0000,0,failed
turkish-lira,0,0,0,0.0000,0,failed
umbrella-off,1,1,464,0.0763,29,thin
unlink-2,0,0,0,0.0000,0,failed
user-check,1,1,592,0.0973,36,thin
user-pen,2,2,1132,0.1861,73,multi-face
user-round-plus,1,1,956,0.1571,72,single-face
users,1,1,592,0.0973,36,thin
vegan,4,4,3852,0.6331,298,multi-face
view,2,2,1492,0.2452,99,multi-face
wallet-2,0,0,0,0.0000,0,failed
waves,0,0,0,0.0000,0,failed